70BCSVG	
// AQ6370C OPTICAL SPECTRUM ANALYZER //                 
"[MEAS SETTING]"
// AQ6370C OPTICAL SPECTRUM ANALYZER //                 
25
"CTRWL",1550.000000
"SPAN", 140.000000
"START WL",1480.000000
"STOP WL",1620.000000
"WLFREQ", 0
"REFL",-66.4
"LSCL", 3.0
"RESLN",0.500
"AVG",   1
"SMPLAUTO",      1
"SMPL",       1401
"SMPLINTVL",0.1000
"HIGH2"
"MEAS"
"LSUNT",0
"NMSKV","OFF"
"RESCOR",0
"SMOOTH",0
"FIBERTYPE",0
"MEASWL",1
"SWPSPD",0
"RESPARM", 9829
"FREQPARM", 9829


"[TRACE SETTING]"
"ACTIVE","B"
"TRACE A","FIX      ",1
"TRACE B","FIX      ",1
"TRACE C","FIX      ",0
"TRACE D","FIX      ",0
"TRACE E","FIX      ",0
"TRACE F","FIX      ",0
"TRACE G","FIX      ",0

"[TRACE A]"
// AQ6370C OPTICAL SPECTRUM ANALYZER //                 
25
"CTRWL",1550.000000
"SPAN", 140.000000
"START WL",1480.000000
"STOP WL",1620.000000
"WLFREQ", 0
"REFL",-66.4
"LSCL", 3.0
"RESLN",0.500
"AVG",   1
"SMPLAUTO",      1
"SMPL",       1401
"SMPLINTVL",0.1000
"HIGH2"
"MEAS"
"LSUNT",0
"NMSKV","OFF"
"RESCOR",0
"SMOOTH",0
"FIBERTYPE",0
"MEASWL",1
"SWPSPD",0
"RESPARM", 9829
"FREQPARM", 9829


"[TRACE B]"
// AQ6370C OPTICAL SPECTRUM ANALYZER //                 
25
"CTRWL",1550.000000
"SPAN", 140.000000
"START WL",1480.000000
"STOP WL",1620.000000
"WLFREQ", 0
"REFL",-66.4
"LSCL", 3.0
"RESLN",0.500
"AVG",   1
"SMPLAUTO",      1
"SMPL",       1401
"SMPLINTVL",0.1000
"HIGH2"
"MEAS"
"LSUNT",0
"NMSKV","OFF"
"RESCOR",0
"SMOOTH",0
"FIBERTYPE",0
"MEASWL",1
"SWPSPD",0
"RESPARM", 9829
"FREQPARM", 9829


"[TRACE C]"
// AQ6370C OPTICAL SPECTRUM ANALYZER //                 
25
"CTRWL",1550.000000
"SPAN", 140.000000
"START WL",1480.000000
"STOP WL",1620.000000
"WLFREQ", 0
"REFL",-66.4
"LSCL", 3.0
"RESLN",0.500
"AVG",   1
"SMPLAUTO",      1
"SMPL",       1401
"SMPLINTVL",0.1000
"HIGH2"
"MEAS"
"LSUNT",0
"NMSKV","OFF"
"RESCOR",0
"SMOOTH",0
"FIBERTYPE",0
"MEASWL",1
"SWPSPD",0
"RESPARM", 9829
"FREQPARM", 9829


"[TRACE D]"
// AQ6370C OPTICAL SPECTRUM ANALYZER //                 
25
"CTRWL",1550.000000
"SPAN", 140.000000
"START WL",1480.000000
"STOP WL",1620.000000
"WLFREQ", 0
"REFL",-66.4
"LSCL", 3.0
"RESLN",0.500
"AVG",   1
"SMPLAUTO",      1
"SMPL",       1401
"SMPLINTVL",0.1000
"HIGH2"
"MEAS"
"LSUNT",0
"NMSKV","OFF"
"RESCOR",0
"SMOOTH",0
"FIBERTYPE",0
"MEASWL",1
"SWPSPD",0
"RESPARM", 9829
"FREQPARM", 9829


"[TRACE E]"
// AQ6370C OPTICAL SPECTRUM ANALYZER //                 
25
"CTRWL",1550.000000
"SPAN", 140.000000
"START WL",1480.000000
"STOP WL",1620.000000
"WLFREQ", 0
"REFL",-66.4
"LSCL", 3.0
"RESLN",0.500
"AVG",   1
"SMPLAUTO",      1
"SMPL",       1401
"SMPLINTVL",0.1000
"HIGH2"
"MEAS"
"LSUNT",0
"NMSKV","OFF"
"RESCOR",0
"SMOOTH",0
"FIBERTYPE",0
"MEASWL",1
"SWPSPD",0
"RESPARM", 9829
"FREQPARM", 9829


"[TRACE F]"
// AQ6370C OPTICAL SPECTRUM ANALYZER //                 
25
"CTRWL",1550.000000
"SPAN", 140.000000
"START WL",1480.000000
"STOP WL",1620.000000
"WLFREQ", 0
"REFL",-66.4
"LSCL", 3.0
"RESLN",0.500
"AVG",   1
"SMPLAUTO",      1
"SMPL",       1401
"SMPLINTVL",0.1000
"HIGH2"
"MEAS"
"LSUNT",0
"NMSKV","OFF"
"RESCOR",0
"SMOOTH",0
"FIBERTYPE",0
"MEASWL",1
"SWPSPD",0
"RESPARM", 9829
"FREQPARM", 9829


"[TRACE G]"
// AQ6370C OPTICAL SPECTRUM ANALYZER //                 
25
"CTRWL",1550.000000
"SPAN", 140.000000
"START WL",1480.000000
"STOP WL",1620.000000
"WLFREQ", 0
"REFL",-66.4
"LSCL", 3.0
"RESLN",0.500
"AVG",   1
"SMPLAUTO",      1
"SMPL",       1401
"SMPLINTVL",0.1000
"HIGH2"
"MEAS"
"LSUNT",0
"NMSKV","OFF"
"RESCOR",0
"SMOOTH",0
"FIBERTYPE",0
"MEASWL",1
"SWPSPD",0
"RESPARM", 9829
"FREQPARM", 9829


"[TRACE DATA]"
"Tr A(WL)","Tr A(LEVEL)[LOG]","Tr B(WL)","Tr B(LEVEL)[LOG]","Tr C(WL)","Tr C(LEVEL)[LOG]","Tr D(WL)","Tr D(LEVEL)[LOG]","Tr E(WL)","Tr E(LEVEL)[LOG]","Tr F(WL)","Tr F(LEVEL)[LOG]","Tr G(WL)","Tr G(LEVEL)[LOG]"
1480.0000, -91.698, 1480.0000, -95.102,  , ,  , ,  , ,  , ,  , 
1480.1000, -92.498, 1480.1000, -94.296,  , ,  , ,  , ,  , ,  , 
1480.2000, -96.370, 1480.2000, -93.670,  , ,  , ,  , ,  , ,  , 
1480.3000, -93.290, 1480.3000, -94.346,  , ,  , ,  , ,  , ,  , 
1480.4000, -96.258, 1480.4000, -94.981,  , ,  , ,  , ,  , ,  , 
1480.5000, -92.317, 1480.5000,-101.973,  , ,  , ,  , ,  , ,  , 
1480.6000, -95.139, 1480.6000, -94.451,  , ,  , ,  , ,  , ,  , 
1480.7000, -92.684, 1480.7000, -93.057,  , ,  , ,  , ,  , ,  , 
1480.8000, -93.173, 1480.8000, -93.949,  , ,  , ,  , ,  , ,  , 
1480.9000, -94.393, 1480.9000, -92.596,  , ,  , ,  , ,  , ,  , 
1481.0000, -93.657, 1481.0000, -90.812,  , ,  , ,  , ,  , ,  , 
1481.1000, -91.486, 1481.1000, -91.009,  , ,  , ,  , ,  , ,  , 
1481.2000, -92.682, 1481.2000, -94.283,  , ,  , ,  , ,  , ,  , 
1481.3000, -95.402, 1481.3000, -98.630,  , ,  , ,  , ,  , ,  , 
1481.4000, -92.057, 1481.4000, -92.197,  , ,  , ,  , ,  , ,  , 
1481.5000, -98.385, 1481.5000,-106.101,  , ,  , ,  , ,  , ,  , 
1481.6000, -97.465, 1481.6000, -92.165,  , ,  , ,  , ,  , ,  , 
1481.7000,-111.147, 1481.7000,-100.965,  , ,  , ,  , ,  , ,  , 
1481.8000, -94.128, 1481.8000,-100.856,  , ,  , ,  , ,  , ,  , 
1481.9000, -92.955, 1481.9000,-103.868,  , ,  , ,  , ,  , ,  , 
1482.0000, -95.753, 1482.0000, -94.714,  , ,  , ,  , ,  , ,  , 
1482.1000, -97.761, 1482.1000, -93.398,  , ,  , ,  , ,  , ,  , 
1482.2000, -93.278, 1482.2000, -95.057,  , ,  , ,  , ,  , ,  , 
1482.3000, -95.521, 1482.3000,-102.289,  , ,  , ,  , ,  , ,  , 
1482.4000, -97.220, 1482.4000, -93.145,  , ,  , ,  , ,  , ,  , 
1482.5000, -94.781, 1482.5000, -92.682,  , ,  , ,  , ,  , ,  , 
1482.6000, -94.126, 1482.6000, -93.168,  , ,  , ,  , ,  , ,  , 
1482.7000, -94.035, 1482.7000, -93.487,  , ,  , ,  , ,  , ,  , 
1482.8000, -95.119, 1482.8000, -96.134,  , ,  , ,  , ,  , ,  , 
1482.9000, -94.416, 1482.9000, -96.185,  , ,  , ,  , ,  , ,  , 
1483.0000, -93.438, 1483.0000,-210.000,  , ,  , ,  , ,  , ,  , 
1483.1000, -94.994, 1483.1000, -97.390,  , ,  , ,  , ,  , ,  , 
1483.2000, -97.147, 1483.2000, -93.771,  , ,  , ,  , ,  , ,  , 
1483.3000,-210.000, 1483.3000, -94.281,  , ,  , ,  , ,  , ,  , 
1483.4000,-107.465, 1483.4000, -93.387,  , ,  , ,  , ,  , ,  , 
1483.5000,-105.133, 1483.5000, -92.034,  , ,  , ,  , ,  , ,  , 
1483.6000, -96.763, 1483.6000, -92.069,  , ,  , ,  , ,  , ,  , 
1483.7000,-210.000, 1483.7000,-210.000,  , ,  , ,  , ,  , ,  , 
1483.8000,-210.000, 1483.8000,-210.000,  , ,  , ,  , ,  , ,  , 
1483.9000, -94.005, 1483.9000,-110.657,  , ,  , ,  , ,  , ,  , 
1484.0000, -96.305, 1484.0000, -92.119,  , ,  , ,  , ,  , ,  , 
1484.1000, -94.611, 1484.1000, -95.161,  , ,  , ,  , ,  , ,  , 
1484.2000, -92.964, 1484.2000,-109.034,  , ,  , ,  , ,  , ,  , 
1484.3000, -95.192, 1484.3000, -94.911,  , ,  , ,  , ,  , ,  , 
1484.4000,-107.801, 1484.4000,-210.000,  , ,  , ,  , ,  , ,  , 
1484.5000,-102.805, 1484.5000,-210.000,  , ,  , ,  , ,  , ,  , 
1484.6000, -95.345, 1484.6000, -93.174,  , ,  , ,  , ,  , ,  , 
1484.7000, -94.596, 1484.7000, -94.032,  , ,  , ,  , ,  , ,  , 
1484.8000, -96.202, 1484.8000, -92.303,  , ,  , ,  , ,  , ,  , 
1484.9000, -94.318, 1484.9000, -94.879,  , ,  , ,  , ,  , ,  , 
1485.0000,-210.000, 1485.0000, -94.227,  , ,  , ,  , ,  , ,  , 
1485.1000,-210.000, 1485.1000,-105.885,  , ,  , ,  , ,  , ,  , 
1485.2000, -95.985, 1485.2000,-109.983,  , ,  , ,  , ,  , ,  , 
1485.3000,-120.274, 1485.3000,-210.000,  , ,  , ,  , ,  , ,  , 
1485.4000,-210.000, 1485.4000, -91.551,  , ,  , ,  , ,  , ,  , 
1485.5000, -97.101, 1485.5000, -93.479,  , ,  , ,  , ,  , ,  , 
1485.6000, -98.367, 1485.6000, -97.604,  , ,  , ,  , ,  , ,  , 
1485.7000, -95.916, 1485.7000, -93.998,  , ,  , ,  , ,  , ,  , 
1485.8000,-210.000, 1485.8000, -93.470,  , ,  , ,  , ,  , ,  , 
1485.9000,-210.000, 1485.9000, -98.044,  , ,  , ,  , ,  , ,  , 
1486.0000,-210.000, 1486.0000,-103.620,  , ,  , ,  , ,  , ,  , 
1486.1000, -93.998, 1486.1000, -92.918,  , ,  , ,  , ,  , ,  , 
1486.2000, -95.768, 1486.2000, -97.712,  , ,  , ,  , ,  , ,  , 
1486.3000,-210.000, 1486.3000, -94.668,  , ,  , ,  , ,  , ,  , 
1486.4000, -96.569, 1486.4000, -91.474,  , ,  , ,  , ,  , ,  , 
1486.5000,-104.668, 1486.5000,-101.977,  , ,  , ,  , ,  , ,  , 
1486.6000, -97.491, 1486.6000, -95.279,  , ,  , ,  , ,  , ,  , 
1486.7000,-103.982, 1486.7000,-210.000,  , ,  , ,  , ,  , ,  , 
1486.8000,-111.617, 1486.8000, -97.661,  , ,  , ,  , ,  , ,  , 
1486.9000, -95.836, 1486.9000, -95.251,  , ,  , ,  , ,  , ,  , 
1487.0000,-210.000, 1487.0000,-210.000,  , ,  , ,  , ,  , ,  , 
1487.1000,-210.000, 1487.1000,-100.594,  , ,  , ,  , ,  , ,  , 
1487.2000,-210.000, 1487.2000, -98.305,  , ,  , ,  , ,  , ,  , 
1487.3000,-210.000, 1487.3000, -92.716,  , ,  , ,  , ,  , ,  , 
1487.4000,-210.000, 1487.4000, -94.532,  , ,  , ,  , ,  , ,  , 
1487.5000,-210.000, 1487.5000,-210.000,  , ,  , ,  , ,  , ,  , 
1487.6000,-104.631, 1487.6000,-210.000,  , ,  , ,  , ,  , ,  , 
1487.7000, -94.487, 1487.7000, -95.331,  , ,  , ,  , ,  , ,  , 
1487.8000, -93.185, 1487.8000,-210.000,  , ,  , ,  , ,  , ,  , 
1487.9000, -97.391, 1487.9000,-101.928,  , ,  , ,  , ,  , ,  , 
1488.0000, -93.100, 1488.0000,-210.000,  , ,  , ,  , ,  , ,  , 
1488.1000,-210.000, 1488.1000, -95.065,  , ,  , ,  , ,  , ,  , 
1488.2000, -98.821, 1488.2000,-210.000,  , ,  , ,  , ,  , ,  , 
1488.3000,-108.495, 1488.3000,-210.000,  , ,  , ,  , ,  , ,  , 
1488.4000, -95.851, 1488.4000, -95.376,  , ,  , ,  , ,  , ,  , 
1488.5000, -95.267, 1488.5000, -95.361,  , ,  , ,  , ,  , ,  , 
1488.6000,-100.110, 1488.6000,-100.724,  , ,  , ,  , ,  , ,  , 
1488.7000,-210.000, 1488.7000,-106.994,  , ,  , ,  , ,  , ,  , 
1488.8000, -96.768, 1488.8000,-210.000,  , ,  , ,  , ,  , ,  , 
1488.9000,-210.000, 1488.9000,-210.000,  , ,  , ,  , ,  , ,  , 
1489.0000,-210.000, 1489.0000,-210.000,  , ,  , ,  , ,  , ,  , 
1489.1000,-102.357, 1489.1000,-210.000,  , ,  , ,  , ,  , ,  , 
1489.2000, -94.855, 1489.2000, -95.272,  , ,  , ,  , ,  , ,  , 
1489.3000,-210.000, 1489.3000,-115.836,  , ,  , ,  , ,  , ,  , 
1489.4000, -97.472, 1489.4000,-210.000,  , ,  , ,  , ,  , ,  , 
1489.5000,-210.000, 1489.5000, -95.205,  , ,  , ,  , ,  , ,  , 
1489.6000, -93.411, 1489.6000,-210.000,  , ,  , ,  , ,  , ,  , 
1489.7000,-101.398, 1489.7000, -94.852,  , ,  , ,  , ,  , ,  , 
1489.8000,-210.000, 1489.8000,-210.000,  , ,  , ,  , ,  , ,  , 
1489.9000,-102.381, 1489.9000, -98.477,  , ,  , ,  , ,  , ,  , 
1490.0000, -94.856, 1490.0000,-210.000,  , ,  , ,  , ,  , ,  , 
1490.1000,-210.000, 1490.1000,-210.000,  , ,  , ,  , ,  , ,  , 
1490.2000,-210.000, 1490.2000, -97.979,  , ,  , ,  , ,  , ,  , 
1490.3000,-210.000, 1490.3000, -97.383,  , ,  , ,  , ,  , ,  , 
1490.4000, -98.346, 1490.4000,-210.000,  , ,  , ,  , ,  , ,  , 
1490.5000,-210.000, 1490.5000,-210.000,  , ,  , ,  , ,  , ,  , 
1490.6000,-106.170, 1490.6000, -97.564,  , ,  , ,  , ,  , ,  , 
1490.7000,-210.000, 1490.7000, -94.566,  , ,  , ,  , ,  , ,  , 
1490.8000, -95.905, 1490.8000, -95.335,  , ,  , ,  , ,  , ,  , 
1490.9000,-210.000, 1490.9000, -93.136,  , ,  , ,  , ,  , ,  , 
1491.0000,-102.936, 1491.0000, -95.100,  , ,  , ,  , ,  , ,  , 
1491.1000,-210.000, 1491.1000,-210.000,  , ,  , ,  , ,  , ,  , 
1491.2000,-210.000, 1491.2000,-210.000,  , ,  , ,  , ,  , ,  , 
1491.3000, -94.949, 1491.3000, -94.106,  , ,  , ,  , ,  , ,  , 
1491.4000,-210.000, 1491.4000,-210.000,  , ,  , ,  , ,  , ,  , 
1491.5000,-106.043, 1491.5000,-210.000,  , ,  , ,  , ,  , ,  , 
1491.6000,-210.000, 1491.6000,-110.939,  , ,  , ,  , ,  , ,  , 
1491.7000,-210.000, 1491.7000,-210.000,  , ,  , ,  , ,  , ,  , 
1491.8000, -96.411, 1491.8000, -97.477,  , ,  , ,  , ,  , ,  , 
1491.9000,-210.000, 1491.9000, -95.992,  , ,  , ,  , ,  , ,  , 
1492.0000, -94.289, 1492.0000, -95.440,  , ,  , ,  , ,  , ,  , 
1492.1000, -95.195, 1492.1000, -95.604,  , ,  , ,  , ,  , ,  , 
1492.2000, -99.293, 1492.2000,-210.000,  , ,  , ,  , ,  , ,  , 
1492.3000,-101.599, 1492.3000, -95.937,  , ,  , ,  , ,  , ,  , 
1492.4000, -96.692, 1492.4000,-210.000,  , ,  , ,  , ,  , ,  , 
1492.5000, -99.591, 1492.5000,-210.000,  , ,  , ,  , ,  , ,  , 
1492.6000,-100.705, 1492.6000,-210.000,  , ,  , ,  , ,  , ,  , 
1492.7000,-210.000, 1492.7000, -95.872,  , ,  , ,  , ,  , ,  , 
1492.8000,-210.000, 1492.8000,-210.000,  , ,  , ,  , ,  , ,  , 
1492.9000,-210.000, 1492.9000,-210.000,  , ,  , ,  , ,  , ,  , 
1493.0000,-101.164, 1493.0000, -96.416,  , ,  , ,  , ,  , ,  , 
1493.1000, -94.579, 1493.1000, -99.541,  , ,  , ,  , ,  , ,  , 
1493.2000,-210.000, 1493.2000,-100.618,  , ,  , ,  , ,  , ,  , 
1493.3000,-116.362, 1493.3000, -92.932,  , ,  , ,  , ,  , ,  , 
1493.4000,-102.456, 1493.4000, -92.684,  , ,  , ,  , ,  , ,  , 
1493.5000,-101.782, 1493.5000,-210.000,  , ,  , ,  , ,  , ,  , 
1493.6000,-106.770, 1493.6000,-105.102,  , ,  , ,  , ,  , ,  , 
1493.7000,-103.523, 1493.7000, -93.002,  , ,  , ,  , ,  , ,  , 
1493.8000,-103.409, 1493.8000, -98.002,  , ,  , ,  , ,  , ,  , 
1493.9000, -94.940, 1493.9000, -94.445,  , ,  , ,  , ,  , ,  , 
1494.0000, -91.609, 1494.0000, -91.937,  , ,  , ,  , ,  , ,  , 
1494.1000, -94.183, 1494.1000,-210.000,  , ,  , ,  , ,  , ,  , 
1494.2000, -98.745, 1494.2000,-210.000,  , ,  , ,  , ,  , ,  , 
1494.3000,-102.166, 1494.3000,-101.878,  , ,  , ,  , ,  , ,  , 
1494.4000,-108.192, 1494.4000, -95.148,  , ,  , ,  , ,  , ,  , 
1494.5000, -95.442, 1494.5000,-101.946,  , ,  , ,  , ,  , ,  , 
1494.6000, -94.487, 1494.6000, -95.056,  , ,  , ,  , ,  , ,  , 
1494.7000,-103.531, 1494.7000,-210.000,  , ,  , ,  , ,  , ,  , 
1494.8000,-210.000, 1494.8000, -98.266,  , ,  , ,  , ,  , ,  , 
1494.9000, -97.835, 1494.9000,-125.447,  , ,  , ,  , ,  , ,  , 
1495.0000,-100.230, 1495.0000, -98.737,  , ,  , ,  , ,  , ,  , 
1495.1000,-111.029, 1495.1000, -94.086,  , ,  , ,  , ,  , ,  , 
1495.2000, -99.227, 1495.2000, -96.650,  , ,  , ,  , ,  , ,  , 
1495.3000,-210.000, 1495.3000, -97.093,  , ,  , ,  , ,  , ,  , 
1495.4000, -98.858, 1495.4000, -96.952,  , ,  , ,  , ,  , ,  , 
1495.5000, -94.391, 1495.5000,-103.503,  , ,  , ,  , ,  , ,  , 
1495.6000,-100.576, 1495.6000, -95.875,  , ,  , ,  , ,  , ,  , 
1495.7000,-210.000, 1495.7000, -99.165,  , ,  , ,  , ,  , ,  , 
1495.8000, -95.349, 1495.8000, -93.648,  , ,  , ,  , ,  , ,  , 
1495.9000,-106.214, 1495.9000, -99.319,  , ,  , ,  , ,  , ,  , 
1496.0000, -91.870, 1496.0000,-210.000,  , ,  , ,  , ,  , ,  , 
1496.1000, -94.019, 1496.1000, -92.742,  , ,  , ,  , ,  , ,  , 
1496.2000, -99.915, 1496.2000, -92.964,  , ,  , ,  , ,  , ,  , 
1496.3000,-210.000, 1496.3000,-100.784,  , ,  , ,  , ,  , ,  , 
1496.4000, -96.765, 1496.4000, -94.133,  , ,  , ,  , ,  , ,  , 
1496.5000, -97.579, 1496.5000, -96.890,  , ,  , ,  , ,  , ,  , 
1496.6000, -95.327, 1496.6000, -90.808,  , ,  , ,  , ,  , ,  , 
1496.7000, -91.929, 1496.7000, -92.727,  , ,  , ,  , ,  , ,  , 
1496.8000, -93.369, 1496.8000, -98.693,  , ,  , ,  , ,  , ,  , 
1496.9000, -95.686, 1496.9000, -94.599,  , ,  , ,  , ,  , ,  , 
1497.0000, -93.172, 1497.0000, -90.551,  , ,  , ,  , ,  , ,  , 
1497.1000, -90.150, 1497.1000, -93.826,  , ,  , ,  , ,  , ,  , 
1497.2000, -96.019, 1497.2000, -94.346,  , ,  , ,  , ,  , ,  , 
1497.3000, -95.813, 1497.3000, -95.864,  , ,  , ,  , ,  , ,  , 
1497.4000, -97.189, 1497.4000, -92.198,  , ,  , ,  , ,  , ,  , 
1497.5000, -95.757, 1497.5000, -93.430,  , ,  , ,  , ,  , ,  , 
1497.6000, -91.780, 1497.6000, -94.176,  , ,  , ,  , ,  , ,  , 
1497.7000, -93.815, 1497.7000, -91.694,  , ,  , ,  , ,  , ,  , 
1497.8000, -94.107, 1497.8000, -96.082,  , ,  , ,  , ,  , ,  , 
1497.9000, -95.648, 1497.9000, -93.566,  , ,  , ,  , ,  , ,  , 
1498.0000, -95.711, 1498.0000, -90.710,  , ,  , ,  , ,  , ,  , 
1498.1000, -92.742, 1498.1000, -94.221,  , ,  , ,  , ,  , ,  , 
1498.2000, -92.956, 1498.2000, -90.740,  , ,  , ,  , ,  , ,  , 
1498.3000, -93.254, 1498.3000, -93.079,  , ,  , ,  , ,  , ,  , 
1498.4000, -91.631, 1498.4000, -93.849,  , ,  , ,  , ,  , ,  , 
1498.5000, -92.812, 1498.5000, -91.524,  , ,  , ,  , ,  , ,  , 
1498.6000, -93.667, 1498.6000, -91.784,  , ,  , ,  , ,  , ,  , 
1498.7000, -94.715, 1498.7000, -90.461,  , ,  , ,  , ,  , ,  , 
1498.8000, -96.584, 1498.8000, -94.689,  , ,  , ,  , ,  , ,  , 
1498.9000, -92.326, 1498.9000, -92.194,  , ,  , ,  , ,  , ,  , 
1499.0000, -95.727, 1499.0000, -89.054,  , ,  , ,  , ,  , ,  , 
1499.1000, -91.563, 1499.1000, -92.115,  , ,  , ,  , ,  , ,  , 
1499.2000, -91.525, 1499.2000, -98.775,  , ,  , ,  , ,  , ,  , 
1499.3000, -91.616, 1499.3000, -90.440,  , ,  , ,  , ,  , ,  , 
1499.4000, -90.898, 1499.4000, -90.630,  , ,  , ,  , ,  , ,  , 
1499.5000, -90.661, 1499.5000, -92.490,  , ,  , ,  , ,  , ,  , 
1499.6000, -89.749, 1499.6000, -89.978,  , ,  , ,  , ,  , ,  , 
1499.7000, -91.042, 1499.7000, -90.369,  , ,  , ,  , ,  , ,  , 
1499.8000, -90.231, 1499.8000, -90.212,  , ,  , ,  , ,  , ,  , 
1499.9000, -90.556, 1499.9000, -91.288,  , ,  , ,  , ,  , ,  , 
1500.0000, -91.127, 1500.0000, -90.687,  , ,  , ,  , ,  , ,  , 
1500.1000, -91.435, 1500.1000, -91.715,  , ,  , ,  , ,  , ,  , 
1500.2000, -90.135, 1500.2000, -90.678,  , ,  , ,  , ,  , ,  , 
1500.3000, -90.734, 1500.3000, -89.294,  , ,  , ,  , ,  , ,  , 
1500.4000, -89.781, 1500.4000, -91.078,  , ,  , ,  , ,  , ,  , 
1500.5000, -88.995, 1500.5000, -89.728,  , ,  , ,  , ,  , ,  , 
1500.6000, -89.265, 1500.6000, -88.679,  , ,  , ,  , ,  , ,  , 
1500.7000, -89.315, 1500.7000, -89.326,  , ,  , ,  , ,  , ,  , 
1500.8000, -88.530, 1500.8000, -89.615,  , ,  , ,  , ,  , ,  , 
1500.9000, -89.383, 1500.9000, -89.927,  , ,  , ,  , ,  , ,  , 
1501.0000, -90.065, 1501.0000, -91.392,  , ,  , ,  , ,  , ,  , 
1501.1000, -90.025, 1501.1000, -90.081,  , ,  , ,  , ,  , ,  , 
1501.2000, -89.419, 1501.2000, -92.337,  , ,  , ,  , ,  , ,  , 
1501.3000, -89.772, 1501.3000, -90.174,  , ,  , ,  , ,  , ,  , 
1501.4000, -91.026, 1501.4000, -88.552,  , ,  , ,  , ,  , ,  , 
1501.5000, -89.303, 1501.5000, -90.194,  , ,  , ,  , ,  , ,  , 
1501.6000, -88.933, 1501.6000, -89.317,  , ,  , ,  , ,  , ,  , 
1501.7000, -89.953, 1501.7000, -88.475,  , ,  , ,  , ,  , ,  , 
1501.8000, -90.145, 1501.8000, -89.577,  , ,  , ,  , ,  , ,  , 
1501.9000, -89.790, 1501.9000, -89.953,  , ,  , ,  , ,  , ,  , 
1502.0000, -90.030, 1502.0000, -89.251,  , ,  , ,  , ,  , ,  , 
1502.1000, -89.198, 1502.1000, -89.814,  , ,  , ,  , ,  , ,  , 
1502.2000, -89.429, 1502.2000, -90.119,  , ,  , ,  , ,  , ,  , 
1502.3000, -89.419, 1502.3000, -88.542,  , ,  , ,  , ,  , ,  , 
1502.4000, -88.797, 1502.4000, -87.698,  , ,  , ,  , ,  , ,  , 
1502.5000, -88.526, 1502.5000, -88.833,  , ,  , ,  , ,  , ,  , 
1502.6000, -88.600, 1502.6000, -88.804,  , ,  , ,  , ,  , ,  , 
1502.7000, -89.208, 1502.7000, -87.545,  , ,  , ,  , ,  , ,  , 
1502.8000, -90.014, 1502.8000, -89.141,  , ,  , ,  , ,  , ,  , 
1502.9000, -87.569, 1502.9000, -88.091,  , ,  , ,  , ,  , ,  , 
1503.0000, -89.721, 1503.0000, -88.441,  , ,  , ,  , ,  , ,  , 
1503.1000, -87.141, 1503.1000, -88.857,  , ,  , ,  , ,  , ,  , 
1503.2000, -88.942, 1503.2000, -88.554,  , ,  , ,  , ,  , ,  , 
1503.3000, -87.385, 1503.3000, -88.440,  , ,  , ,  , ,  , ,  , 
1503.4000, -89.147, 1503.4000, -87.732,  , ,  , ,  , ,  , ,  , 
1503.5000, -87.513, 1503.5000, -88.515,  , ,  , ,  , ,  , ,  , 
1503.6000, -90.281, 1503.6000, -87.864,  , ,  , ,  , ,  , ,  , 
1503.7000, -87.677, 1503.7000, -88.132,  , ,  , ,  , ,  , ,  , 
1503.8000, -87.718, 1503.8000, -87.814,  , ,  , ,  , ,  , ,  , 
1503.9000, -87.779, 1503.9000, -87.902,  , ,  , ,  , ,  , ,  , 
1504.0000, -88.784, 1504.0000, -88.501,  , ,  , ,  , ,  , ,  , 
1504.1000, -90.150, 1504.1000, -88.250,  , ,  , ,  , ,  , ,  , 
1504.2000, -87.795, 1504.2000, -88.712,  , ,  , ,  , ,  , ,  , 
1504.3000, -87.378, 1504.3000, -88.130,  , ,  , ,  , ,  , ,  , 
1504.4000, -87.000, 1504.4000, -88.641,  , ,  , ,  , ,  , ,  , 
1504.5000, -86.819, 1504.5000, -87.849,  , ,  , ,  , ,  , ,  , 
1504.6000, -87.521, 1504.6000, -88.051,  , ,  , ,  , ,  , ,  , 
1504.7000, -88.048, 1504.7000, -87.183,  , ,  , ,  , ,  , ,  , 
1504.8000, -87.931, 1504.8000, -87.347,  , ,  , ,  , ,  , ,  , 
1504.9000, -88.027, 1504.9000, -88.312,  , ,  , ,  , ,  , ,  , 
1505.0000, -88.519, 1505.0000, -87.894,  , ,  , ,  , ,  , ,  , 
1505.1000, -87.609, 1505.1000, -87.630,  , ,  , ,  , ,  , ,  , 
1505.2000, -87.437, 1505.2000, -86.908,  , ,  , ,  , ,  , ,  , 
1505.3000, -88.250, 1505.3000, -87.772,  , ,  , ,  , ,  , ,  , 
1505.4000, -88.371, 1505.4000, -88.025,  , ,  , ,  , ,  , ,  , 
1505.5000, -87.296, 1505.5000, -88.530,  , ,  , ,  , ,  , ,  , 
1505.6000, -87.612, 1505.6000, -87.275,  , ,  , ,  , ,  , ,  , 
1505.7000, -86.900, 1505.7000, -87.274,  , ,  , ,  , ,  , ,  , 
1505.8000, -86.955, 1505.8000, -87.036,  , ,  , ,  , ,  , ,  , 
1505.9000, -88.348, 1505.9000, -86.447,  , ,  , ,  , ,  , ,  , 
1506.0000, -87.166, 1506.0000, -86.839,  , ,  , ,  , ,  , ,  , 
1506.1000, -87.542, 1506.1000, -87.365,  , ,  , ,  , ,  , ,  , 
1506.2000, -86.406, 1506.2000, -86.564,  , ,  , ,  , ,  , ,  , 
1506.3000, -86.309, 1506.3000, -86.266,  , ,  , ,  , ,  , ,  , 
1506.4000, -86.660, 1506.4000, -86.666,  , ,  , ,  , ,  , ,  , 
1506.5000, -87.063, 1506.5000, -86.466,  , ,  , ,  , ,  , ,  , 
1506.6000, -86.097, 1506.6000, -86.328,  , ,  , ,  , ,  , ,  , 
1506.7000, -86.405, 1506.7000, -86.682,  , ,  , ,  , ,  , ,  , 
1506.8000, -86.701, 1506.8000, -85.981,  , ,  , ,  , ,  , ,  , 
1506.9000, -87.007, 1506.9000, -85.845,  , ,  , ,  , ,  , ,  , 
1507.0000, -86.436, 1507.0000, -85.923,  , ,  , ,  , ,  , ,  , 
1507.1000, -86.183, 1507.1000, -86.482,  , ,  , ,  , ,  , ,  , 
1507.2000, -86.339, 1507.2000, -86.527,  , ,  , ,  , ,  , ,  , 
1507.3000, -85.860, 1507.3000, -85.561,  , ,  , ,  , ,  , ,  , 
1507.4000, -86.196, 1507.4000, -86.255,  , ,  , ,  , ,  , ,  , 
1507.5000, -85.768, 1507.5000, -86.132,  , ,  , ,  , ,  , ,  , 
1507.6000, -86.199, 1507.6000, -85.956,  , ,  , ,  , ,  , ,  , 
1507.7000, -85.805, 1507.7000, -86.305,  , ,  , ,  , ,  , ,  , 
1507.8000, -86.475, 1507.8000, -85.587,  , ,  , ,  , ,  , ,  , 
1507.9000, -86.233, 1507.9000, -84.956,  , ,  , ,  , ,  , ,  , 
1508.0000, -85.620, 1508.0000, -85.339,  , ,  , ,  , ,  , ,  , 
1508.1000, -85.225, 1508.1000, -85.118,  , ,  , ,  , ,  , ,  , 
1508.2000, -85.485, 1508.2000, -85.625,  , ,  , ,  , ,  , ,  , 
1508.3000, -85.226, 1508.3000, -85.678,  , ,  , ,  , ,  , ,  , 
1508.4000, -85.822, 1508.4000, -85.678,  , ,  , ,  , ,  , ,  , 
1508.5000, -85.211, 1508.5000, -84.918,  , ,  , ,  , ,  , ,  , 
1508.6000, -85.115, 1508.6000, -85.147,  , ,  , ,  , ,  , ,  , 
1508.7000, -85.290, 1508.7000, -84.781,  , ,  , ,  , ,  , ,  , 
1508.8000, -84.826, 1508.8000, -84.430,  , ,  , ,  , ,  , ,  , 
1508.9000, -84.910, 1508.9000, -84.456,  , ,  , ,  , ,  , ,  , 
1509.0000, -84.332, 1509.0000, -84.381,  , ,  , ,  , ,  , ,  , 
1509.1000, -85.097, 1509.1000, -84.834,  , ,  , ,  , ,  , ,  , 
1509.2000, -84.222, 1509.2000, -84.245,  , ,  , ,  , ,  , ,  , 
1509.3000, -84.457, 1509.3000, -84.069,  , ,  , ,  , ,  , ,  , 
1509.4000, -84.052, 1509.4000, -83.942,  , ,  , ,  , ,  , ,  , 
1509.5000, -84.223, 1509.5000, -83.920,  , ,  , ,  , ,  , ,  , 
1509.6000, -83.701, 1509.6000, -83.524,  , ,  , ,  , ,  , ,  , 
1509.7000, -84.009, 1509.7000, -83.718,  , ,  , ,  , ,  , ,  , 
1509.8000, -83.489, 1509.8000, -83.609,  , ,  , ,  , ,  , ,  , 
1509.9000, -83.142, 1509.9000, -83.353,  , ,  , ,  , ,  , ,  , 
1510.0000, -83.502, 1510.0000, -82.983,  , ,  , ,  , ,  , ,  , 
1510.1000, -82.905, 1510.1000, -83.333,  , ,  , ,  , ,  , ,  , 
1510.2000, -82.654, 1510.2000, -82.936,  , ,  , ,  , ,  , ,  , 
1510.3000, -82.594, 1510.3000, -83.215,  , ,  , ,  , ,  , ,  , 
1510.4000, -82.632, 1510.4000, -82.776,  , ,  , ,  , ,  , ,  , 
1510.5000, -82.760, 1510.5000, -82.853,  , ,  , ,  , ,  , ,  , 
1510.6000, -82.707, 1510.6000, -82.804,  , ,  , ,  , ,  , ,  , 
1510.7000, -82.574, 1510.7000, -82.518,  , ,  , ,  , ,  , ,  , 
1510.8000, -82.652, 1510.8000, -82.998,  , ,  , ,  , ,  , ,  , 
1510.9000, -82.497, 1510.9000, -82.404,  , ,  , ,  , ,  , ,  , 
1511.0000, -82.447, 1511.0000, -82.189,  , ,  , ,  , ,  , ,  , 
1511.1000, -82.532, 1511.1000, -82.467,  , ,  , ,  , ,  , ,  , 
1511.2000, -82.360, 1511.2000, -82.345,  , ,  , ,  , ,  , ,  , 
1511.3000, -82.352, 1511.3000, -81.811,  , ,  , ,  , ,  , ,  , 
1511.4000, -82.342, 1511.4000, -82.041,  , ,  , ,  , ,  , ,  , 
1511.5000, -82.115, 1511.5000, -82.057,  , ,  , ,  , ,  , ,  , 
1511.6000, -81.804, 1511.6000, -81.835,  , ,  , ,  , ,  , ,  , 
1511.7000, -81.595, 1511.7000, -81.520,  , ,  , ,  , ,  , ,  , 
1511.8000, -81.758, 1511.8000, -81.673,  , ,  , ,  , ,  , ,  , 
1511.9000, -81.570, 1511.9000, -81.432,  , ,  , ,  , ,  , ,  , 
1512.0000, -81.411, 1512.0000, -81.376,  , ,  , ,  , ,  , ,  , 
1512.1000, -81.510, 1512.1000, -81.539,  , ,  , ,  , ,  , ,  , 
1512.2000, -80.905, 1512.2000, -81.088,  , ,  , ,  , ,  , ,  , 
1512.3000, -81.222, 1512.3000, -81.068,  , ,  , ,  , ,  , ,  , 
1512.4000, -81.166, 1512.4000, -80.873,  , ,  , ,  , ,  , ,  , 
1512.5000, -81.125, 1512.5000, -80.599,  , ,  , ,  , ,  , ,  , 
1512.6000, -80.853, 1512.6000, -80.632,  , ,  , ,  , ,  , ,  , 
1512.7000, -80.601, 1512.7000, -80.454,  , ,  , ,  , ,  , ,  , 
1512.8000, -80.493, 1512.8000, -80.402,  , ,  , ,  , ,  , ,  , 
1512.9000, -80.787, 1512.9000, -80.467,  , ,  , ,  , ,  , ,  , 
1513.0000, -80.395, 1513.0000, -80.084,  , ,  , ,  , ,  , ,  , 
1513.1000, -80.288, 1513.1000, -80.207,  , ,  , ,  , ,  , ,  , 
1513.2000, -80.143, 1513.2000, -80.054,  , ,  , ,  , ,  , ,  , 
1513.3000, -80.162, 1513.3000, -80.053,  , ,  , ,  , ,  , ,  , 
1513.4000, -79.999, 1513.4000, -79.961,  , ,  , ,  , ,  , ,  , 
1513.5000, -79.983, 1513.5000, -79.950,  , ,  , ,  , ,  , ,  , 
1513.6000, -79.894, 1513.6000, -79.771,  , ,  , ,  , ,  , ,  , 
1513.7000, -79.834, 1513.7000, -79.779,  , ,  , ,  , ,  , ,  , 
1513.8000, -79.772, 1513.8000, -79.852,  , ,  , ,  , ,  , ,  , 
1513.9000, -79.644, 1513.9000, -79.898,  , ,  , ,  , ,  , ,  , 
1514.0000, -79.729, 1514.0000, -79.577,  , ,  , ,  , ,  , ,  , 
1514.1000, -79.704, 1514.1000, -79.627,  , ,  , ,  , ,  , ,  , 
1514.2000, -79.569, 1514.2000, -79.598,  , ,  , ,  , ,  , ,  , 
1514.3000, -79.590, 1514.3000, -79.393,  , ,  , ,  , ,  , ,  , 
1514.4000, -79.621, 1514.4000, -79.337,  , ,  , ,  , ,  , ,  , 
1514.5000, -79.353, 1514.5000, -79.327,  , ,  , ,  , ,  , ,  , 
1514.6000, -79.388, 1514.6000, -79.290,  , ,  , ,  , ,  , ,  , 
1514.7000, -79.201, 1514.7000, -79.089,  , ,  , ,  , ,  , ,  , 
1514.8000, -79.084, 1514.8000, -79.022,  , ,  , ,  , ,  , ,  , 
1514.9000, -78.984, 1514.9000, -78.993,  , ,  , ,  , ,  , ,  , 
1515.0000, -78.880, 1515.0000, -78.816,  , ,  , ,  , ,  , ,  , 
1515.1000, -78.841, 1515.1000, -78.735,  , ,  , ,  , ,  , ,  , 
1515.2000, -78.684, 1515.2000, -78.632,  , ,  , ,  , ,  , ,  , 
1515.3000, -78.593, 1515.3000, -78.530,  , ,  , ,  , ,  , ,  , 
1515.4000, -78.502, 1515.4000, -78.386,  , ,  , ,  , ,  , ,  , 
1515.5000, -78.262, 1515.5000, -78.276,  , ,  , ,  , ,  , ,  , 
1515.6000, -78.166, 1515.6000, -78.173,  , ,  , ,  , ,  , ,  , 
1515.7000, -78.073, 1515.7000, -78.109,  , ,  , ,  , ,  , ,  , 
1515.8000, -78.065, 1515.8000, -77.907,  , ,  , ,  , ,  , ,  , 
1515.9000, -77.892, 1515.9000, -77.901,  , ,  , ,  , ,  , ,  , 
1516.0000, -77.759, 1516.0000, -77.769,  , ,  , ,  , ,  , ,  , 
1516.1000, -77.742, 1516.1000, -77.664,  , ,  , ,  , ,  , ,  , 
1516.2000, -77.680, 1516.2000, -77.617,  , ,  , ,  , ,  , ,  , 
1516.3000, -77.520, 1516.3000, -77.490,  , ,  , ,  , ,  , ,  , 
1516.4000, -77.423, 1516.4000, -77.489,  , ,  , ,  , ,  , ,  , 
1516.5000, -77.358, 1516.5000, -77.348,  , ,  , ,  , ,  , ,  , 
1516.6000, -77.268, 1516.6000, -77.287,  , ,  , ,  , ,  , ,  , 
1516.7000, -77.189, 1516.7000, -77.160,  , ,  , ,  , ,  , ,  , 
1516.8000, -77.064, 1516.8000, -77.177,  , ,  , ,  , ,  , ,  , 
1516.9000, -77.035, 1516.9000, -76.978,  , ,  , ,  , ,  , ,  , 
1517.0000, -76.929, 1517.0000, -76.783,  , ,  , ,  , ,  , ,  , 
1517.1000, -76.881, 1517.1000, -76.780,  , ,  , ,  , ,  , ,  , 
1517.2000, -76.696, 1517.2000, -76.728,  , ,  , ,  , ,  , ,  , 
1517.3000, -76.664, 1517.3000, -76.624,  , ,  , ,  , ,  , ,  , 
1517.4000, -76.569, 1517.4000, -76.562,  , ,  , ,  , ,  , ,  , 
1517.5000, -76.427, 1517.5000, -76.387,  , ,  , ,  , ,  , ,  , 
1517.6000, -76.344, 1517.6000, -76.207,  , ,  , ,  , ,  , ,  , 
1517.7000, -76.198, 1517.7000, -76.161,  , ,  , ,  , ,  , ,  , 
1517.8000, -76.099, 1517.8000, -76.110,  , ,  , ,  , ,  , ,  , 
1517.9000, -75.882, 1517.9000, -75.915,  , ,  , ,  , ,  , ,  , 
1518.0000, -75.779, 1518.0000, -75.791,  , ,  , ,  , ,  , ,  , 
1518.1000, -75.680, 1518.1000, -75.734,  , ,  , ,  , ,  , ,  , 
1518.2000, -75.543, 1518.2000, -75.588,  , ,  , ,  , ,  , ,  , 
1518.3000, -75.424, 1518.3000, -75.497,  , ,  , ,  , ,  , ,  , 
1518.4000, -75.358, 1518.4000, -75.358,  , ,  , ,  , ,  , ,  , 
1518.5000, -75.213, 1518.5000, -75.240,  , ,  , ,  , ,  , ,  , 
1518.6000, -75.093, 1518.6000, -75.106,  , ,  , ,  , ,  , ,  , 
1518.7000, -74.945, 1518.7000, -75.012,  , ,  , ,  , ,  , ,  , 
1518.8000, -74.889, 1518.8000, -74.893,  , ,  , ,  , ,  , ,  , 
1518.9000, -74.692, 1518.9000, -74.746,  , ,  , ,  , ,  , ,  , 
1519.0000, -74.634, 1519.0000, -74.636,  , ,  , ,  , ,  , ,  , 
1519.1000, -74.521, 1519.1000, -74.493,  , ,  , ,  , ,  , ,  , 
1519.2000, -74.476, 1519.2000, -74.420,  , ,  , ,  , ,  , ,  , 
1519.3000, -74.287, 1519.3000, -74.357,  , ,  , ,  , ,  , ,  , 
1519.4000, -74.229, 1519.4000, -74.262,  , ,  , ,  , ,  , ,  , 
1519.5000, -74.141, 1519.5000, -74.106,  , ,  , ,  , ,  , ,  , 
1519.6000, -74.111, 1519.6000, -74.025,  , ,  , ,  , ,  , ,  , 
1519.7000, -73.982, 1519.7000, -73.980,  , ,  , ,  , ,  , ,  , 
1519.8000, -73.960, 1519.8000, -73.883,  , ,  , ,  , ,  , ,  , 
1519.9000, -73.779, 1519.9000, -73.778,  , ,  , ,  , ,  , ,  , 
1520.0000, -73.716, 1520.0000, -73.688,  , ,  , ,  , ,  , ,  , 
1520.1000, -73.669, 1520.1000, -73.575,  , ,  , ,  , ,  , ,  , 
1520.2000, -73.612, 1520.2000, -73.571,  , ,  , ,  , ,  , ,  , 
1520.3000, -73.493, 1520.3000, -73.466,  , ,  , ,  , ,  , ,  , 
1520.4000, -73.446, 1520.4000, -73.396,  , ,  , ,  , ,  , ,  , 
1520.5000, -73.361, 1520.5000, -73.329,  , ,  , ,  , ,  , ,  , 
1520.6000, -73.316, 1520.6000, -73.276,  , ,  , ,  , ,  , ,  , 
1520.7000, -73.247, 1520.7000, -73.155,  , ,  , ,  , ,  , ,  , 
1520.8000, -73.162, 1520.8000, -73.103,  , ,  , ,  , ,  , ,  , 
1520.9000, -73.083, 1520.9000, -73.007,  , ,  , ,  , ,  , ,  , 
1521.0000, -73.014, 1521.0000, -72.940,  , ,  , ,  , ,  , ,  , 
1521.1000, -72.927, 1521.1000, -72.908,  , ,  , ,  , ,  , ,  , 
1521.2000, -72.844, 1521.2000, -72.814,  , ,  , ,  , ,  , ,  , 
1521.3000, -72.768, 1521.3000, -72.724,  , ,  , ,  , ,  , ,  , 
1521.4000, -72.714, 1521.4000, -72.643,  , ,  , ,  , ,  , ,  , 
1521.5000, -72.581, 1521.5000, -72.596,  , ,  , ,  , ,  , ,  , 
1521.6000, -72.557, 1521.6000, -72.499,  , ,  , ,  , ,  , ,  , 
1521.7000, -72.476, 1521.7000, -72.425,  , ,  , ,  , ,  , ,  , 
1521.8000, -72.417, 1521.8000, -72.363,  , ,  , ,  , ,  , ,  , 
1521.9000, -72.342, 1521.9000, -72.325,  , ,  , ,  , ,  , ,  , 
1522.0000, -72.311, 1522.0000, -72.251,  , ,  , ,  , ,  , ,  , 
1522.1000, -72.271, 1522.1000, -72.185,  , ,  , ,  , ,  , ,  , 
1522.2000, -72.197, 1522.2000, -72.137,  , ,  , ,  , ,  , ,  , 
1522.3000, -72.144, 1522.3000, -72.100,  , ,  , ,  , ,  , ,  , 
1522.4000, -72.097, 1522.4000, -72.024,  , ,  , ,  , ,  , ,  , 
1522.5000, -72.023, 1522.5000, -71.986,  , ,  , ,  , ,  , ,  , 
1522.6000, -71.988, 1522.6000, -71.976,  , ,  , ,  , ,  , ,  , 
1522.7000, -71.961, 1522.7000, -71.939,  , ,  , ,  , ,  , ,  , 
1522.8000, -71.919, 1522.8000, -71.890,  , ,  , ,  , ,  , ,  , 
1522.9000, -71.912, 1522.9000, -71.862,  , ,  , ,  , ,  , ,  , 
1523.0000, -71.888, 1523.0000, -71.855,  , ,  , ,  , ,  , ,  , 
1523.1000, -71.875, 1523.1000, -71.844,  , ,  , ,  , ,  , ,  , 
1523.2000, -71.850, 1523.2000, -71.812,  , ,  , ,  , ,  , ,  , 
1523.3000, -71.843, 1523.3000, -71.805,  , ,  , ,  , ,  , ,  , 
1523.4000, -71.857, 1523.4000, -71.777,  , ,  , ,  , ,  , ,  , 
1523.5000, -71.826, 1523.5000, -71.770,  , ,  , ,  , ,  , ,  , 
1523.6000, -71.820, 1523.6000, -71.789,  , ,  , ,  , ,  , ,  , 
1523.7000, -71.790, 1523.7000, -71.754,  , ,  , ,  , ,  , ,  , 
1523.8000, -71.776, 1523.8000, -71.696,  , ,  , ,  , ,  , ,  , 
1523.9000, -71.754, 1523.9000, -71.720,  , ,  , ,  , ,  , ,  , 
1524.0000, -71.747, 1524.0000, -71.715,  , ,  , ,  , ,  , ,  , 
1524.1000, -71.715, 1524.1000, -71.678,  , ,  , ,  , ,  , ,  , 
1524.2000, -71.750, 1524.2000, -71.669,  , ,  , ,  , ,  , ,  , 
1524.3000, -71.735, 1524.3000, -71.685,  , ,  , ,  , ,  , ,  , 
1524.4000, -71.722, 1524.4000, -71.637,  , ,  , ,  , ,  , ,  , 
1524.5000, -71.749, 1524.5000, -71.650,  , ,  , ,  , ,  , ,  , 
1524.6000, -71.709, 1524.6000, -71.671,  , ,  , ,  , ,  , ,  , 
1524.7000, -71.744, 1524.7000, -71.671,  , ,  , ,  , ,  , ,  , 
1524.8000, -71.764, 1524.8000, -71.711,  , ,  , ,  , ,  , ,  , 
1524.9000, -71.734, 1524.9000, -71.729,  , ,  , ,  , ,  , ,  , 
1525.0000, -71.763, 1525.0000, -71.731,  , ,  , ,  , ,  , ,  , 
1525.1000, -71.761, 1525.1000, -71.744,  , ,  , ,  , ,  , ,  , 
1525.2000, -71.795, 1525.2000, -71.737,  , ,  , ,  , ,  , ,  , 
1525.3000, -71.788, 1525.3000, -71.763,  , ,  , ,  , ,  , ,  , 
1525.4000, -71.806, 1525.4000, -71.744,  , ,  , ,  , ,  , ,  , 
1525.5000, -71.811, 1525.5000, -71.788,  , ,  , ,  , ,  , ,  , 
1525.6000, -71.836, 1525.6000, -71.752,  , ,  , ,  , ,  , ,  , 
1525.7000, -71.835, 1525.7000, -71.796,  , ,  , ,  , ,  , ,  , 
1525.8000, -71.815, 1525.8000, -71.812,  , ,  , ,  , ,  , ,  , 
1525.9000, -71.875, 1525.9000, -71.820,  , ,  , ,  , ,  , ,  , 
1526.0000, -71.844, 1526.0000, -71.855,  , ,  , ,  , ,  , ,  , 
1526.1000, -71.883, 1526.1000, -71.874,  , ,  , ,  , ,  , ,  , 
1526.2000, -71.916, 1526.2000, -71.887,  , ,  , ,  , ,  , ,  , 
1526.3000, -71.971, 1526.3000, -71.936,  , ,  , ,  , ,  , ,  , 
1526.4000, -71.987, 1526.4000, -72.001,  , ,  , ,  , ,  , ,  , 
1526.5000, -72.023, 1526.5000, -72.034,  , ,  , ,  , ,  , ,  , 
1526.6000, -72.072, 1526.6000, -72.026,  , ,  , ,  , ,  , ,  , 
1526.7000, -72.096, 1526.7000, -72.127,  , ,  , ,  , ,  , ,  , 
1526.8000, -72.148, 1526.8000, -72.140,  , ,  , ,  , ,  , ,  , 
1526.9000, -72.185, 1526.9000, -72.162,  , ,  , ,  , ,  , ,  , 
1527.0000, -72.263, 1527.0000, -72.223,  , ,  , ,  , ,  , ,  , 
1527.1000, -72.310, 1527.1000, -72.241,  , ,  , ,  , ,  , ,  , 
1527.2000, -72.293, 1527.2000, -72.278,  , ,  , ,  , ,  , ,  , 
1527.3000, -72.330, 1527.3000, -72.261,  , ,  , ,  , ,  , ,  , 
1527.4000, -72.329, 1527.4000, -72.323,  , ,  , ,  , ,  , ,  , 
1527.5000, -72.392, 1527.5000, -72.358,  , ,  , ,  , ,  , ,  , 
1527.6000, -72.429, 1527.6000, -72.411,  , ,  , ,  , ,  , ,  , 
1527.7000, -72.486, 1527.7000, -72.426,  , ,  , ,  , ,  , ,  , 
1527.8000, -72.497, 1527.8000, -72.492,  , ,  , ,  , ,  , ,  , 
1527.9000, -72.514, 1527.9000, -72.520,  , ,  , ,  , ,  , ,  , 
1528.0000, -72.580, 1528.0000, -72.521,  , ,  , ,  , ,  , ,  , 
1528.1000, -72.579, 1528.1000, -72.532,  , ,  , ,  , ,  , ,  , 
1528.2000, -72.622, 1528.2000, -72.601,  , ,  , ,  , ,  , ,  , 
1528.3000, -72.658, 1528.3000, -72.621,  , ,  , ,  , ,  , ,  , 
1528.4000, -72.693, 1528.4000, -72.640,  , ,  , ,  , ,  , ,  , 
1528.5000, -72.701, 1528.5000, -72.707,  , ,  , ,  , ,  , ,  , 
1528.6000, -72.769, 1528.6000, -72.739,  , ,  , ,  , ,  , ,  , 
1528.7000, -72.814, 1528.7000, -72.791,  , ,  , ,  , ,  , ,  , 
1528.8000, -72.870, 1528.8000, -72.837,  , ,  , ,  , ,  , ,  , 
1528.9000, -72.897, 1528.9000, -72.892,  , ,  , ,  , ,  , ,  , 
1529.0000, -72.962, 1529.0000, -72.921,  , ,  , ,  , ,  , ,  , 
1529.1000, -72.999, 1529.1000, -72.984,  , ,  , ,  , ,  , ,  , 
1529.2000, -73.065, 1529.2000, -73.004,  , ,  , ,  , ,  , ,  , 
1529.3000, -73.108, 1529.3000, -73.067,  , ,  , ,  , ,  , ,  , 
1529.4000, -73.184, 1529.4000, -73.155,  , ,  , ,  , ,  , ,  , 
1529.5000, -73.210, 1529.5000, -73.190,  , ,  , ,  , ,  , ,  , 
1529.6000, -73.261, 1529.6000, -73.238,  , ,  , ,  , ,  , ,  , 
1529.7000, -73.319, 1529.7000, -73.311,  , ,  , ,  , ,  , ,  , 
1529.8000, -73.404, 1529.8000, -73.323,  , ,  , ,  , ,  , ,  , 
1529.9000, -73.374, 1529.9000, -73.357,  , ,  , ,  , ,  , ,  , 
1530.0000, -73.434, 1530.0000, -73.413,  , ,  , ,  , ,  , ,  , 
1530.1000, -73.473, 1530.1000, -73.433,  , ,  , ,  , ,  , ,  , 
1530.2000, -73.495, 1530.2000, -73.452,  , ,  , ,  , ,  , ,  , 
1530.3000, -73.522, 1530.3000, -73.449,  , ,  , ,  , ,  , ,  , 
1530.4000, -73.493, 1530.4000, -73.474,  , ,  , ,  , ,  , ,  , 
1530.5000, -73.507, 1530.5000, -73.474,  , ,  , ,  , ,  , ,  , 
1530.6000, -73.500, 1530.6000, -73.444,  , ,  , ,  , ,  , ,  , 
1530.7000, -73.527, 1530.7000, -73.439,  , ,  , ,  , ,  , ,  , 
1530.8000, -73.482, 1530.8000, -73.431,  , ,  , ,  , ,  , ,  , 
1530.9000, -73.474, 1530.9000, -73.441,  , ,  , ,  , ,  , ,  , 
1531.0000, -73.510, 1531.0000, -73.477,  , ,  , ,  , ,  , ,  , 
1531.1000, -73.516, 1531.1000, -73.441,  , ,  , ,  , ,  , ,  , 
1531.2000, -73.521, 1531.2000, -73.478,  , ,  , ,  , ,  , ,  , 
1531.3000, -73.484, 1531.3000, -73.462,  , ,  , ,  , ,  , ,  , 
1531.4000, -73.466, 1531.4000, -73.394,  , ,  , ,  , ,  , ,  , 
1531.5000, -73.451, 1531.5000, -73.391,  , ,  , ,  , ,  , ,  , 
1531.6000, -73.452, 1531.6000, -73.317,  , ,  , ,  , ,  , ,  , 
1531.7000, -73.372, 1531.7000, -73.317,  , ,  , ,  , ,  , ,  , 
1531.8000, -73.353, 1531.8000, -73.304,  , ,  , ,  , ,  , ,  , 
1531.9000, -73.339, 1531.9000, -73.297,  , ,  , ,  , ,  , ,  , 
1532.0000, -73.314, 1532.0000, -73.278,  , ,  , ,  , ,  , ,  , 
1532.1000, -73.311, 1532.1000, -73.254,  , ,  , ,  , ,  , ,  , 
1532.2000, -73.277, 1532.2000, -73.199,  , ,  , ,  , ,  , ,  , 
1532.3000, -73.240, 1532.3000, -73.183,  , ,  , ,  , ,  , ,  , 
1532.4000, -73.224, 1532.4000, -73.147,  , ,  , ,  , ,  , ,  , 
1532.5000, -73.164, 1532.5000, -73.108,  , ,  , ,  , ,  , ,  , 
1532.6000, -73.145, 1532.6000, -73.132,  , ,  , ,  , ,  , ,  , 
1532.7000, -73.107, 1532.7000, -73.052,  , ,  , ,  , ,  , ,  , 
1532.8000, -73.117, 1532.8000, -73.061,  , ,  , ,  , ,  , ,  , 
1532.9000, -73.074, 1532.9000, -73.020,  , ,  , ,  , ,  , ,  , 
1533.0000, -73.027, 1533.0000, -72.997,  , ,  , ,  , ,  , ,  , 
1533.1000, -73.027, 1533.1000, -72.977,  , ,  , ,  , ,  , ,  , 
1533.2000, -72.966, 1533.2000, -72.952,  , ,  , ,  , ,  , ,  , 
1533.3000, -72.940, 1533.3000, -72.892,  , ,  , ,  , ,  , ,  , 
1533.4000, -72.892, 1533.4000, -72.834,  , ,  , ,  , ,  , ,  , 
1533.5000, -72.834, 1533.5000, -72.791,  , ,  , ,  , ,  , ,  , 
1533.6000, -72.806, 1533.6000, -72.741,  , ,  , ,  , ,  , ,  , 
1533.7000, -72.745, 1533.7000, -72.666,  , ,  , ,  , ,  , ,  , 
1533.8000, -72.683, 1533.8000, -72.608,  , ,  , ,  , ,  , ,  , 
1533.9000, -72.583, 1533.9000, -72.534,  , ,  , ,  , ,  , ,  , 
1534.0000, -72.551, 1534.0000, -72.458,  , ,  , ,  , ,  , ,  , 
1534.1000, -72.471, 1534.1000, -72.379,  , ,  , ,  , ,  , ,  , 
1534.2000, -72.409, 1534.2000, -72.318,  , ,  , ,  , ,  , ,  , 
1534.3000, -72.340, 1534.3000, -72.277,  , ,  , ,  , ,  , ,  , 
1534.4000, -72.306, 1534.4000, -72.196,  , ,  , ,  , ,  , ,  , 
1534.5000, -72.235, 1534.5000, -72.162,  , ,  , ,  , ,  , ,  , 
1534.6000, -72.224, 1534.6000, -72.105,  , ,  , ,  , ,  , ,  , 
1534.7000, -72.109, 1534.7000, -72.019,  , ,  , ,  , ,  , ,  , 
1534.8000, -72.065, 1534.8000, -71.990,  , ,  , ,  , ,  , ,  , 
1534.9000, -72.002, 1534.9000, -71.934,  , ,  , ,  , ,  , ,  , 
1535.0000, -71.895, 1535.0000, -71.828,  , ,  , ,  , ,  , ,  , 
1535.1000, -71.853, 1535.1000, -71.781,  , ,  , ,  , ,  , ,  , 
1535.2000, -71.765, 1535.2000, -71.659,  , ,  , ,  , ,  , ,  , 
1535.3000, -71.668, 1535.3000, -71.607,  , ,  , ,  , ,  , ,  , 
1535.4000, -71.607, 1535.4000, -71.568,  , ,  , ,  , ,  , ,  , 
1535.5000, -71.499, 1535.5000, -71.480,  , ,  , ,  , ,  , ,  , 
1535.6000, -71.457, 1535.6000, -71.381,  , ,  , ,  , ,  , ,  , 
1535.7000, -71.408, 1535.7000, -71.337,  , ,  , ,  , ,  , ,  , 
1535.8000, -71.328, 1535.8000, -71.291,  , ,  , ,  , ,  , ,  , 
1535.9000, -71.281, 1535.9000, -71.214,  , ,  , ,  , ,  , ,  , 
1536.0000, -71.256, 1536.0000, -71.192,  , ,  , ,  , ,  , ,  , 
1536.1000, -71.193, 1536.1000, -71.171,  , ,  , ,  , ,  , ,  , 
1536.2000, -71.155, 1536.2000, -71.097,  , ,  , ,  , ,  , ,  , 
1536.3000, -71.080, 1536.3000, -71.048,  , ,  , ,  , ,  , ,  , 
1536.4000, -71.032, 1536.4000, -70.979,  , ,  , ,  , ,  , ,  , 
1536.5000, -70.997, 1536.5000, -70.951,  , ,  , ,  , ,  , ,  , 
1536.6000, -70.897, 1536.6000, -70.884,  , ,  , ,  , ,  , ,  , 
1536.7000, -70.854, 1536.7000, -70.829,  , ,  , ,  , ,  , ,  , 
1536.8000, -70.821, 1536.8000, -70.782,  , ,  , ,  , ,  , ,  , 
1536.9000, -70.760, 1536.9000, -70.724,  , ,  , ,  , ,  , ,  , 
1537.0000, -70.704, 1537.0000, -70.670,  , ,  , ,  , ,  , ,  , 
1537.1000, -70.698, 1537.1000, -70.632,  , ,  , ,  , ,  , ,  , 
1537.2000, -70.634, 1537.2000, -70.587,  , ,  , ,  , ,  , ,  , 
1537.3000, -70.582, 1537.3000, -70.554,  , ,  , ,  , ,  , ,  , 
1537.4000, -70.556, 1537.4000, -70.482,  , ,  , ,  , ,  , ,  , 
1537.5000, -70.490, 1537.5000, -70.419,  , ,  , ,  , ,  , ,  , 
1537.6000, -70.450, 1537.6000, -70.369,  , ,  , ,  , ,  , ,  , 
1537.7000, -70.409, 1537.7000, -70.315,  , ,  , ,  , ,  , ,  , 
1537.8000, -70.364, 1537.8000, -70.298,  , ,  , ,  , ,  , ,  , 
1537.9000, -70.328, 1537.9000, -70.246,  , ,  , ,  , ,  , ,  , 
1538.0000, -70.275, 1538.0000, -70.214,  , ,  , ,  , ,  , ,  , 
1538.1000, -70.223, 1538.1000, -70.138,  , ,  , ,  , ,  , ,  , 
1538.2000, -70.190, 1538.2000, -70.114,  , ,  , ,  , ,  , ,  , 
1538.3000, -70.121, 1538.3000, -70.052,  , ,  , ,  , ,  , ,  , 
1538.4000, -70.065, 1538.4000, -70.022,  , ,  , ,  , ,  , ,  , 
1538.5000, -70.046, 1538.5000, -69.968,  , ,  , ,  , ,  , ,  , 
1538.6000, -70.010, 1538.6000, -69.942,  , ,  , ,  , ,  , ,  , 
1538.7000, -69.997, 1538.7000, -69.929,  , ,  , ,  , ,  , ,  , 
1538.8000, -69.976, 1538.8000, -69.914,  , ,  , ,  , ,  , ,  , 
1538.9000, -69.958, 1538.9000, -69.894,  , ,  , ,  , ,  , ,  , 
1539.0000, -69.953, 1539.0000, -69.893,  , ,  , ,  , ,  , ,  , 
1539.1000, -69.938, 1539.1000, -69.884,  , ,  , ,  , ,  , ,  , 
1539.2000, -69.920, 1539.2000, -69.865,  , ,  , ,  , ,  , ,  , 
1539.3000, -69.913, 1539.3000, -69.831,  , ,  , ,  , ,  , ,  , 
1539.4000, -69.893, 1539.4000, -69.823,  , ,  , ,  , ,  , ,  , 
1539.5000, -69.885, 1539.5000, -69.812,  , ,  , ,  , ,  , ,  , 
1539.6000, -69.889, 1539.6000, -69.793,  , ,  , ,  , ,  , ,  , 
1539.7000, -69.870, 1539.7000, -69.806,  , ,  , ,  , ,  , ,  , 
1539.8000, -69.879, 1539.8000, -69.796,  , ,  , ,  , ,  , ,  , 
1539.9000, -69.870, 1539.9000, -69.798,  , ,  , ,  , ,  , ,  , 
1540.0000, -69.851, 1540.0000, -69.796,  , ,  , ,  , ,  , ,  , 
1540.1000, -69.884, 1540.1000, -69.790,  , ,  , ,  , ,  , ,  , 
1540.2000, -69.867, 1540.2000, -69.814,  , ,  , ,  , ,  , ,  , 
1540.3000, -69.887, 1540.3000, -69.807,  , ,  , ,  , ,  , ,  , 
1540.4000, -69.889, 1540.4000, -69.813,  , ,  , ,  , ,  , ,  , 
1540.5000, -69.889, 1540.5000, -69.808,  , ,  , ,  , ,  , ,  , 
1540.6000, -69.890, 1540.6000, -69.801,  , ,  , ,  , ,  , ,  , 
1540.7000, -69.897, 1540.7000, -69.796,  , ,  , ,  , ,  , ,  , 
1540.8000, -69.901, 1540.8000, -69.825,  , ,  , ,  , ,  , ,  , 
1540.9000, -69.920, 1540.9000, -69.823,  , ,  , ,  , ,  , ,  , 
1541.0000, -69.949, 1541.0000, -69.845,  , ,  , ,  , ,  , ,  , 
1541.1000, -69.961, 1541.1000, -69.858,  , ,  , ,  , ,  , ,  , 
1541.2000, -69.950, 1541.2000, -69.882,  , ,  , ,  , ,  , ,  , 
1541.3000, -69.975, 1541.3000, -69.879,  , ,  , ,  , ,  , ,  , 
1541.4000, -69.985, 1541.4000, -69.892,  , ,  , ,  , ,  , ,  , 
1541.5000, -70.002, 1541.5000, -69.911,  , ,  , ,  , ,  , ,  , 
1541.6000, -70.000, 1541.6000, -69.903,  , ,  , ,  , ,  , ,  , 
1541.7000, -70.026, 1541.7000, -69.934,  , ,  , ,  , ,  , ,  , 
1541.8000, -70.041, 1541.8000, -69.965,  , ,  , ,  , ,  , ,  , 
1541.9000, -70.062, 1541.9000, -69.979,  , ,  , ,  , ,  , ,  , 
1542.0000, -70.047, 1542.0000, -69.970,  , ,  , ,  , ,  , ,  , 
1542.1000, -70.036, 1542.1000, -69.991,  , ,  , ,  , ,  , ,  , 
1542.2000, -70.065, 1542.2000, -69.999,  , ,  , ,  , ,  , ,  , 
1542.3000, -70.097, 1542.3000, -70.022,  , ,  , ,  , ,  , ,  , 
1542.4000, -70.108, 1542.4000, -70.065,  , ,  , ,  , ,  , ,  , 
1542.5000, -70.144, 1542.5000, -70.077,  , ,  , ,  , ,  , ,  , 
1542.6000, -70.165, 1542.6000, -70.106,  , ,  , ,  , ,  , ,  , 
1542.7000, -70.179, 1542.7000, -70.117,  , ,  , ,  , ,  , ,  , 
1542.8000, -70.196, 1542.8000, -70.141,  , ,  , ,  , ,  , ,  , 
1542.9000, -70.225, 1542.9000, -70.179,  , ,  , ,  , ,  , ,  , 
1543.0000, -70.239, 1543.0000, -70.177,  , ,  , ,  , ,  , ,  , 
1543.1000, -70.278, 1543.1000, -70.239,  , ,  , ,  , ,  , ,  , 
1543.2000, -70.280, 1543.2000, -70.225,  , ,  , ,  , ,  , ,  , 
1543.3000, -70.336, 1543.3000, -70.264,  , ,  , ,  , ,  , ,  , 
1543.4000, -70.387, 1543.4000, -70.317,  , ,  , ,  , ,  , ,  , 
1543.5000, -70.392, 1543.5000, -70.326,  , ,  , ,  , ,  , ,  , 
1543.6000, -70.444, 1543.6000, -70.377,  , ,  , ,  , ,  , ,  , 
1543.7000, -70.492, 1543.7000, -70.419,  , ,  , ,  , ,  , ,  , 
1543.8000, -70.539, 1543.8000, -70.435,  , ,  , ,  , ,  , ,  , 
1543.9000, -70.590, 1543.9000, -70.515,  , ,  , ,  , ,  , ,  , 
1544.0000, -70.632, 1544.0000, -70.592,  , ,  , ,  , ,  , ,  , 
1544.1000, -70.698, 1544.1000, -70.605,  , ,  , ,  , ,  , ,  , 
1544.2000, -70.746, 1544.2000, -70.637,  , ,  , ,  , ,  , ,  , 
1544.3000, -70.805, 1544.3000, -70.705,  , ,  , ,  , ,  , ,  , 
1544.4000, -70.853, 1544.4000, -70.755,  , ,  , ,  , ,  , ,  , 
1544.5000, -70.880, 1544.5000, -70.796,  , ,  , ,  , ,  , ,  , 
1544.6000, -70.889, 1544.6000, -70.826,  , ,  , ,  , ,  , ,  , 
1544.7000, -70.927, 1544.7000, -70.847,  , ,  , ,  , ,  , ,  , 
1544.8000, -70.958, 1544.8000, -70.869,  , ,  , ,  , ,  , ,  , 
1544.9000, -71.017, 1544.9000, -70.895,  , ,  , ,  , ,  , ,  , 
1545.0000, -71.046, 1545.0000, -70.969,  , ,  , ,  , ,  , ,  , 
1545.1000, -71.083, 1545.1000, -71.011,  , ,  , ,  , ,  , ,  , 
1545.2000, -71.146, 1545.2000, -71.034,  , ,  , ,  , ,  , ,  , 
1545.3000, -71.182, 1545.3000, -71.083,  , ,  , ,  , ,  , ,  , 
1545.4000, -71.203, 1545.4000, -71.165,  , ,  , ,  , ,  , ,  , 
1545.5000, -71.292, 1545.5000, -71.198,  , ,  , ,  , ,  , ,  , 
1545.6000, -71.353, 1545.6000, -71.258,  , ,  , ,  , ,  , ,  , 
1545.7000, -71.395, 1545.7000, -71.305,  , ,  , ,  , ,  , ,  , 
1545.8000, -71.483, 1545.8000, -71.380,  , ,  , ,  , ,  , ,  , 
1545.9000, -71.543, 1545.9000, -71.421,  , ,  , ,  , ,  , ,  , 
1546.0000, -71.617, 1546.0000, -71.534,  , ,  , ,  , ,  , ,  , 
1546.1000, -71.739, 1546.1000, -71.609,  , ,  , ,  , ,  , ,  , 
1546.2000, -71.896, 1546.2000, -71.747,  , ,  , ,  , ,  , ,  , 
1546.3000, -72.018, 1546.3000, -71.879,  , ,  , ,  , ,  , ,  , 
1546.4000, -72.137, 1546.4000, -72.023,  , ,  , ,  , ,  , ,  , 
1546.5000, -72.238, 1546.5000, -72.130,  , ,  , ,  , ,  , ,  , 
1546.6000, -72.382, 1546.6000, -72.277,  , ,  , ,  , ,  , ,  , 
1546.7000, -72.453, 1546.7000, -72.361,  , ,  , ,  , ,  , ,  , 
1546.8000, -72.559, 1546.8000, -72.488,  , ,  , ,  , ,  , ,  , 
1546.9000, -72.683, 1546.9000, -72.591,  , ,  , ,  , ,  , ,  , 
1547.0000, -72.794, 1547.0000, -72.695,  , ,  , ,  , ,  , ,  , 
1547.1000, -72.898, 1547.1000, -72.776,  , ,  , ,  , ,  , ,  , 
1547.2000, -72.954, 1547.2000, -72.835,  , ,  , ,  , ,  , ,  , 
1547.3000, -73.039, 1547.3000, -72.945,  , ,  , ,  , ,  , ,  , 
1547.4000, -73.097, 1547.4000, -73.025,  , ,  , ,  , ,  , ,  , 
1547.5000, -73.171, 1547.5000, -73.091,  , ,  , ,  , ,  , ,  , 
1547.6000, -73.214, 1547.6000, -73.142,  , ,  , ,  , ,  , ,  , 
1547.7000, -73.289, 1547.7000, -73.229,  , ,  , ,  , ,  , ,  , 
1547.8000, -73.353, 1547.8000, -73.275,  , ,  , ,  , ,  , ,  , 
1547.9000, -73.439, 1547.9000, -73.330,  , ,  , ,  , ,  , ,  , 
1548.0000, -73.499, 1548.0000, -73.419,  , ,  , ,  , ,  , ,  , 
1548.1000, -73.549, 1548.1000, -73.482,  , ,  , ,  , ,  , ,  , 
1548.2000, -73.624, 1548.2000, -73.531,  , ,  , ,  , ,  , ,  , 
1548.3000, -73.684, 1548.3000, -73.574,  , ,  , ,  , ,  , ,  , 
1548.4000, -73.750, 1548.4000, -73.678,  , ,  , ,  , ,  , ,  , 
1548.5000, -73.837, 1548.5000, -73.705,  , ,  , ,  , ,  , ,  , 
1548.6000, -73.881, 1548.6000, -73.785,  , ,  , ,  , ,  , ,  , 
1548.7000, -74.047, 1548.7000, -73.901,  , ,  , ,  , ,  , ,  , 
1548.8000, -74.178, 1548.8000, -73.999,  , ,  , ,  , ,  , ,  , 
1548.9000, -74.327, 1548.9000, -74.148,  , ,  , ,  , ,  , ,  , 
1549.0000, -74.479, 1549.0000, -74.285,  , ,  , ,  , ,  , ,  , 
1549.1000, -74.624, 1549.1000, -74.502,  , ,  , ,  , ,  , ,  , 
1549.2000, -74.760, 1549.2000, -74.596,  , ,  , ,  , ,  , ,  , 
1549.3000, -74.860, 1549.3000, -74.725,  , ,  , ,  , ,  , ,  , 
1549.4000, -75.019, 1549.4000, -74.887,  , ,  , ,  , ,  , ,  , 
1549.5000, -75.137, 1549.5000, -75.031,  , ,  , ,  , ,  , ,  , 
1549.6000, -75.296, 1549.6000, -75.114,  , ,  , ,  , ,  , ,  , 
1549.7000, -75.435, 1549.7000, -75.298,  , ,  , ,  , ,  , ,  , 
1549.8000, -75.472, 1549.8000, -75.331,  , ,  , ,  , ,  , ,  , 
1549.9000, -75.662, 1549.9000, -75.433,  , ,  , ,  , ,  , ,  , 
1550.0000, -75.793, 1550.0000, -75.590,  , ,  , ,  , ,  , ,  , 
1550.1000, -76.003, 1550.1000, -75.758,  , ,  , ,  , ,  , ,  , 
1550.2000, -76.152, 1550.2000, -75.878,  , ,  , ,  , ,  , ,  , 
1550.3000, -76.290, 1550.3000, -75.989,  , ,  , ,  , ,  , ,  , 
1550.4000, -76.287, 1550.4000, -76.031,  , ,  , ,  , ,  , ,  , 
1550.5000, -76.285, 1550.5000, -76.113,  , ,  , ,  , ,  , ,  , 
1550.6000, -76.381, 1550.6000, -76.120,  , ,  , ,  , ,  , ,  , 
1550.7000, -76.437, 1550.7000, -76.252,  , ,  , ,  , ,  , ,  , 
1550.8000, -76.588, 1550.8000, -76.401,  , ,  , ,  , ,  , ,  , 
1550.9000, -76.594, 1550.9000, -76.407,  , ,  , ,  , ,  , ,  , 
1551.0000, -76.659, 1551.0000, -76.427,  , ,  , ,  , ,  , ,  , 
1551.1000, -76.637, 1551.1000, -76.396,  , ,  , ,  , ,  , ,  , 
1551.2000, -76.722, 1551.2000, -76.450,  , ,  , ,  , ,  , ,  , 
1551.3000, -76.677, 1551.3000, -76.440,  , ,  , ,  , ,  , ,  , 
1551.4000, -76.668, 1551.4000, -76.504,  , ,  , ,  , ,  , ,  , 
1551.5000, -76.720, 1551.5000, -76.419,  , ,  , ,  , ,  , ,  , 
1551.6000, -76.722, 1551.6000, -76.491,  , ,  , ,  , ,  , ,  , 
1551.7000, -76.673, 1551.7000, -76.445,  , ,  , ,  , ,  , ,  , 
1551.8000, -76.747, 1551.8000, -76.498,  , ,  , ,  , ,  , ,  , 
1551.9000, -76.699, 1551.9000, -76.543,  , ,  , ,  , ,  , ,  , 
1552.0000, -76.745, 1552.0000, -76.484,  , ,  , ,  , ,  , ,  , 
1552.1000, -76.693, 1552.1000, -76.540,  , ,  , ,  , ,  , ,  , 
1552.2000, -76.789, 1552.2000, -76.605,  , ,  , ,  , ,  , ,  , 
1552.3000, -76.956, 1552.3000, -76.673,  , ,  , ,  , ,  , ,  , 
1552.4000, -77.049, 1552.4000, -76.746,  , ,  , ,  , ,  , ,  , 
1552.5000, -77.159, 1552.5000, -76.926,  , ,  , ,  , ,  , ,  , 
1552.6000, -77.194, 1552.6000, -77.021,  , ,  , ,  , ,  , ,  , 
1552.7000, -77.277, 1552.7000, -76.986,  , ,  , ,  , ,  , ,  , 
1552.8000, -77.284, 1552.8000, -77.114,  , ,  , ,  , ,  , ,  , 
1552.9000, -77.219, 1552.9000, -77.124,  , ,  , ,  , ,  , ,  , 
1553.0000, -77.338, 1553.0000, -77.191,  , ,  , ,  , ,  , ,  , 
1553.1000, -77.398, 1553.1000, -77.264,  , ,  , ,  , ,  , ,  , 
1553.2000, -77.362, 1553.2000, -77.189,  , ,  , ,  , ,  , ,  , 
1553.3000, -77.337, 1553.3000, -77.139,  , ,  , ,  , ,  , ,  , 
1553.4000, -77.330, 1553.4000, -77.166,  , ,  , ,  , ,  , ,  , 
1553.5000, -77.373, 1553.5000, -77.053,  , ,  , ,  , ,  , ,  , 
1553.6000, -77.280, 1553.6000, -77.108,  , ,  , ,  , ,  , ,  , 
1553.7000, -77.159, 1553.7000, -76.945,  , ,  , ,  , ,  , ,  , 
1553.8000, -77.147, 1553.8000, -77.013,  , ,  , ,  , ,  , ,  , 
1553.9000, -77.191, 1553.9000, -76.958,  , ,  , ,  , ,  , ,  , 
1554.0000, -77.052, 1554.0000, -76.929,  , ,  , ,  , ,  , ,  , 
1554.1000, -76.963, 1554.1000, -76.703,  , ,  , ,  , ,  , ,  , 
1554.2000, -76.930, 1554.2000, -76.706,  , ,  , ,  , ,  , ,  , 
1554.3000, -76.643, 1554.3000, -76.509,  , ,  , ,  , ,  , ,  , 
1554.4000, -76.551, 1554.4000, -76.413,  , ,  , ,  , ,  , ,  , 
1554.5000, -76.391, 1554.5000, -76.305,  , ,  , ,  , ,  , ,  , 
1554.6000, -76.319, 1554.6000, -76.164,  , ,  , ,  , ,  , ,  , 
1554.7000, -76.234, 1554.7000, -76.086,  , ,  , ,  , ,  , ,  , 
1554.8000, -76.066, 1554.8000, -75.922,  , ,  , ,  , ,  , ,  , 
1554.9000, -75.960, 1554.9000, -75.814,  , ,  , ,  , ,  , ,  , 
1555.0000, -75.862, 1555.0000, -75.654,  , ,  , ,  , ,  , ,  , 
1555.1000, -75.679, 1555.1000, -75.563,  , ,  , ,  , ,  , ,  , 
1555.2000, -75.684, 1555.2000, -75.509,  , ,  , ,  , ,  , ,  , 
1555.3000, -75.596, 1555.3000, -75.527,  , ,  , ,  , ,  , ,  , 
1555.4000, -75.538, 1555.4000, -75.430,  , ,  , ,  , ,  , ,  , 
1555.5000, -75.444, 1555.5000, -75.290,  , ,  , ,  , ,  , ,  , 
1555.6000, -75.427, 1555.6000, -75.283,  , ,  , ,  , ,  , ,  , 
1555.7000, -75.373, 1555.7000, -75.194,  , ,  , ,  , ,  , ,  , 
1555.8000, -75.336, 1555.8000, -75.210,  , ,  , ,  , ,  , ,  , 
1555.9000, -75.211, 1555.9000, -75.081,  , ,  , ,  , ,  , ,  , 
1556.0000, -75.208, 1556.0000, -74.981,  , ,  , ,  , ,  , ,  , 
1556.1000, -75.089, 1556.1000, -74.966,  , ,  , ,  , ,  , ,  , 
1556.2000, -75.105, 1556.2000, -74.968,  , ,  , ,  , ,  , ,  , 
1556.3000, -74.997, 1556.3000, -74.836,  , ,  , ,  , ,  , ,  , 
1556.4000, -74.963, 1556.4000, -74.882,  , ,  , ,  , ,  , ,  , 
1556.5000, -74.967, 1556.5000, -74.810,  , ,  , ,  , ,  , ,  , 
1556.6000, -74.971, 1556.6000, -74.799,  , ,  , ,  , ,  , ,  , 
1556.7000, -74.926, 1556.7000, -74.723,  , ,  , ,  , ,  , ,  , 
1556.8000, -74.881, 1556.8000, -74.794,  , ,  , ,  , ,  , ,  , 
1556.9000, -74.879, 1556.9000, -74.762,  , ,  , ,  , ,  , ,  , 
1557.0000, -74.857, 1557.0000, -74.775,  , ,  , ,  , ,  , ,  , 
1557.1000, -74.832, 1557.1000, -74.678,  , ,  , ,  , ,  , ,  , 
1557.2000, -74.863, 1557.2000, -74.679,  , ,  , ,  , ,  , ,  , 
1557.3000, -74.766, 1557.3000, -74.699,  , ,  , ,  , ,  , ,  , 
1557.4000, -74.796, 1557.4000, -74.728,  , ,  , ,  , ,  , ,  , 
1557.5000, -74.736, 1557.5000, -74.664,  , ,  , ,  , ,  , ,  , 
1557.6000, -74.638, 1557.6000, -74.621,  , ,  , ,  , ,  , ,  , 
1557.7000, -74.556, 1557.7000, -74.572,  , ,  , ,  , ,  , ,  , 
1557.8000, -74.391, 1557.8000, -74.455,  , ,  , ,  , ,  , ,  , 
1557.9000, -74.388, 1557.9000, -74.398,  , ,  , ,  , ,  , ,  , 
1558.0000, -74.282, 1558.0000, -74.293,  , ,  , ,  , ,  , ,  , 
1558.1000, -74.182, 1558.1000, -74.277,  , ,  , ,  , ,  , ,  , 
1558.2000, -74.166, 1558.2000, -74.157,  , ,  , ,  , ,  , ,  , 
1558.3000, -74.068, 1558.3000, -74.115,  , ,  , ,  , ,  , ,  , 
1558.4000, -73.994, 1558.4000, -73.986,  , ,  , ,  , ,  , ,  , 
1558.5000, -73.984, 1558.5000, -74.006,  , ,  , ,  , ,  , ,  , 
1558.6000, -73.889, 1558.6000, -73.871,  , ,  , ,  , ,  , ,  , 
1558.7000, -73.870, 1558.7000, -73.847,  , ,  , ,  , ,  , ,  , 
1558.8000, -73.895, 1558.8000, -73.885,  , ,  , ,  , ,  , ,  , 
1558.9000, -73.905, 1558.9000, -73.888,  , ,  , ,  , ,  , ,  , 
1559.0000, -73.954, 1559.0000, -73.887,  , ,  , ,  , ,  , ,  , 
1559.1000, -73.994, 1559.1000, -73.889,  , ,  , ,  , ,  , ,  , 
1559.2000, -74.045, 1559.2000, -73.988,  , ,  , ,  , ,  , ,  , 
1559.3000, -74.074, 1559.3000, -73.954,  , ,  , ,  , ,  , ,  , 
1559.4000, -74.102, 1559.4000, -73.955,  , ,  , ,  , ,  , ,  , 
1559.5000, -74.134, 1559.5000, -74.002,  , ,  , ,  , ,  , ,  , 
1559.6000, -74.175, 1559.6000, -74.055,  , ,  , ,  , ,  , ,  , 
1559.7000, -74.156, 1559.7000, -74.045,  , ,  , ,  , ,  , ,  , 
1559.8000, -74.243, 1559.8000, -74.104,  , ,  , ,  , ,  , ,  , 
1559.9000, -74.249, 1559.9000, -74.163,  , ,  , ,  , ,  , ,  , 
1560.0000, -74.261, 1560.0000, -74.160,  , ,  , ,  , ,  , ,  , 
1560.1000, -74.271, 1560.1000, -74.205,  , ,  , ,  , ,  , ,  , 
1560.2000, -74.298, 1560.2000, -74.257,  , ,  , ,  , ,  , ,  , 
1560.3000, -74.290, 1560.3000, -74.210,  , ,  , ,  , ,  , ,  , 
1560.4000, -74.285, 1560.4000, -74.232,  , ,  , ,  , ,  , ,  , 
1560.5000, -74.308, 1560.5000, -74.252,  , ,  , ,  , ,  , ,  , 
1560.6000, -74.293, 1560.6000, -74.263,  , ,  , ,  , ,  , ,  , 
1560.7000, -74.325, 1560.7000, -74.274,  , ,  , ,  , ,  , ,  , 
1560.8000, -74.288, 1560.8000, -74.273,  , ,  , ,  , ,  , ,  , 
1560.9000, -74.220, 1560.9000, -74.240,  , ,  , ,  , ,  , ,  , 
1561.0000, -74.106, 1561.0000, -74.147,  , ,  , ,  , ,  , ,  , 
1561.1000, -74.089, 1561.1000, -74.084,  , ,  , ,  , ,  , ,  , 
1561.2000, -73.976, 1561.2000, -73.991,  , ,  , ,  , ,  , ,  , 
1561.3000, -73.949, 1561.3000, -73.941,  , ,  , ,  , ,  , ,  , 
1561.4000, -73.880, 1561.4000, -73.913,  , ,  , ,  , ,  , ,  , 
1561.5000, -73.813, 1561.5000, -73.861,  , ,  , ,  , ,  , ,  , 
1561.6000, -73.750, 1561.6000, -73.756,  , ,  , ,  , ,  , ,  , 
1561.7000, -73.683, 1561.7000, -73.716,  , ,  , ,  , ,  , ,  , 
1561.8000, -73.579, 1561.8000, -73.651,  , ,  , ,  , ,  , ,  , 
1561.9000, -73.563, 1561.9000, -73.650,  , ,  , ,  , ,  , ,  , 
1562.0000, -73.517, 1562.0000, -73.590,  , ,  , ,  , ,  , ,  , 
1562.1000, -73.507, 1562.1000, -73.518,  , ,  , ,  , ,  , ,  , 
1562.2000, -73.437, 1562.2000, -73.466,  , ,  , ,  , ,  , ,  , 
1562.3000, -73.406, 1562.3000, -73.431,  , ,  , ,  , ,  , ,  , 
1562.4000, -73.433, 1562.4000, -73.412,  , ,  , ,  , ,  , ,  , 
1562.5000, -73.429, 1562.5000, -73.488,  , ,  , ,  , ,  , ,  , 
1562.6000, -73.416, 1562.6000, -73.507,  , ,  , ,  , ,  , ,  , 
1562.7000, -73.404, 1562.7000, -73.457,  , ,  , ,  , ,  , ,  , 
1562.8000, -73.462, 1562.8000, -73.489,  , ,  , ,  , ,  , ,  , 
1562.9000, -73.497, 1562.9000, -73.517,  , ,  , ,  , ,  , ,  , 
1563.0000, -73.562, 1563.0000, -73.541,  , ,  , ,  , ,  , ,  , 
1563.1000, -73.570, 1563.1000, -73.542,  , ,  , ,  , ,  , ,  , 
1563.2000, -73.600, 1563.2000, -73.622,  , ,  , ,  , ,  , ,  , 
1563.3000, -73.680, 1563.3000, -73.668,  , ,  , ,  , ,  , ,  , 
1563.4000, -73.744, 1563.4000, -73.690,  , ,  , ,  , ,  , ,  , 
1563.5000, -73.747, 1563.5000, -73.743,  , ,  , ,  , ,  , ,  , 
1563.6000, -73.770, 1563.6000, -73.749,  , ,  , ,  , ,  , ,  , 
1563.7000, -73.767, 1563.7000, -73.699,  , ,  , ,  , ,  , ,  , 
1563.8000, -73.710, 1563.8000, -73.694,  , ,  , ,  , ,  , ,  , 
1563.9000, -73.712, 1563.9000, -73.712,  , ,  , ,  , ,  , ,  , 
1564.0000, -73.707, 1564.0000, -73.701,  , ,  , ,  , ,  , ,  , 
1564.1000, -73.712, 1564.1000, -73.742,  , ,  , ,  , ,  , ,  , 
1564.2000, -73.710, 1564.2000, -73.723,  , ,  , ,  , ,  , ,  , 
1564.3000, -73.643, 1564.3000, -73.665,  , ,  , ,  , ,  , ,  , 
1564.4000, -73.623, 1564.4000, -73.647,  , ,  , ,  , ,  , ,  , 
1564.5000, -73.602, 1564.5000, -73.679,  , ,  , ,  , ,  , ,  , 
1564.6000, -73.593, 1564.6000, -73.619,  , ,  , ,  , ,  , ,  , 
1564.7000, -73.578, 1564.7000, -73.614,  , ,  , ,  , ,  , ,  , 
1564.8000, -73.493, 1564.8000, -73.607,  , ,  , ,  , ,  , ,  , 
1564.9000, -73.496, 1564.9000, -73.574,  , ,  , ,  , ,  , ,  , 
1565.0000, -73.436, 1565.0000, -73.542,  , ,  , ,  , ,  , ,  , 
1565.1000, -73.381, 1565.1000, -73.495,  , ,  , ,  , ,  , ,  , 
1565.2000, -73.277, 1565.2000, -73.394,  , ,  , ,  , ,  , ,  , 
1565.3000, -73.254, 1565.3000, -73.344,  , ,  , ,  , ,  , ,  , 
1565.4000, -73.141, 1565.4000, -73.272,  , ,  , ,  , ,  , ,  , 
1565.5000, -73.107, 1565.5000, -73.207,  , ,  , ,  , ,  , ,  , 
1565.6000, -73.061, 1565.6000, -73.164,  , ,  , ,  , ,  , ,  , 
1565.7000, -73.061, 1565.7000, -73.082,  , ,  , ,  , ,  , ,  , 
1565.8000, -72.955, 1565.8000, -73.009,  , ,  , ,  , ,  , ,  , 
1565.9000, -72.944, 1565.9000, -73.021,  , ,  , ,  , ,  , ,  , 
1566.0000, -72.880, 1566.0000, -72.947,  , ,  , ,  , ,  , ,  , 
1566.1000, -72.867, 1566.1000, -72.885,  , ,  , ,  , ,  , ,  , 
1566.2000, -72.773, 1566.2000, -72.833,  , ,  , ,  , ,  , ,  , 
1566.3000, -72.774, 1566.3000, -72.778,  , ,  , ,  , ,  , ,  , 
1566.4000, -72.745, 1566.4000, -72.804,  , ,  , ,  , ,  , ,  , 
1566.5000, -72.807, 1566.5000, -72.823,  , ,  , ,  , ,  , ,  , 
1566.6000, -72.786, 1566.6000, -72.805,  , ,  , ,  , ,  , ,  , 
1566.7000, -72.757, 1566.7000, -72.800,  , ,  , ,  , ,  , ,  , 
1566.8000, -72.785, 1566.8000, -72.797,  , ,  , ,  , ,  , ,  , 
1566.9000, -72.772, 1566.9000, -72.800,  , ,  , ,  , ,  , ,  , 
1567.0000, -72.790, 1567.0000, -72.811,  , ,  , ,  , ,  , ,  , 
1567.1000, -72.743, 1567.1000, -72.821,  , ,  , ,  , ,  , ,  , 
1567.2000, -72.732, 1567.2000, -72.773,  , ,  , ,  , ,  , ,  , 
1567.3000, -72.673, 1567.3000, -72.746,  , ,  , ,  , ,  , ,  , 
1567.4000, -72.578, 1567.4000, -72.647,  , ,  , ,  , ,  , ,  , 
1567.5000, -72.456, 1567.5000, -72.531,  , ,  , ,  , ,  , ,  , 
1567.6000, -72.361, 1567.6000, -72.444,  , ,  , ,  , ,  , ,  , 
1567.7000, -72.343, 1567.7000, -72.401,  , ,  , ,  , ,  , ,  , 
1567.8000, -72.249, 1567.8000, -72.339,  , ,  , ,  , ,  , ,  , 
1567.9000, -72.166, 1567.9000, -72.259,  , ,  , ,  , ,  , ,  , 
1568.0000, -72.075, 1568.0000, -72.152,  , ,  , ,  , ,  , ,  , 
1568.1000, -72.004, 1568.1000, -72.056,  , ,  , ,  , ,  , ,  , 
1568.2000, -71.963, 1568.2000, -71.992,  , ,  , ,  , ,  , ,  , 
1568.3000, -71.861, 1568.3000, -71.918,  , ,  , ,  , ,  , ,  , 
1568.4000, -71.733, 1568.4000, -71.819,  , ,  , ,  , ,  , ,  , 
1568.5000, -71.658, 1568.5000, -71.783,  , ,  , ,  , ,  , ,  , 
1568.6000, -71.602, 1568.6000, -71.666,  , ,  , ,  , ,  , ,  , 
1568.7000, -71.524, 1568.7000, -71.611,  , ,  , ,  , ,  , ,  , 
1568.8000, -71.430, 1568.8000, -71.519,  , ,  , ,  , ,  , ,  , 
1568.9000, -71.380, 1568.9000, -71.439,  , ,  , ,  , ,  , ,  , 
1569.0000, -71.282, 1569.0000, -71.328,  , ,  , ,  , ,  , ,  , 
1569.1000, -71.185, 1569.1000, -71.236,  , ,  , ,  , ,  , ,  , 
1569.2000, -71.099, 1569.2000, -71.157,  , ,  , ,  , ,  , ,  , 
1569.3000, -71.031, 1569.3000, -71.066,  , ,  , ,  , ,  , ,  , 
1569.4000, -70.971, 1569.4000, -70.986,  , ,  , ,  , ,  , ,  , 
1569.5000, -70.911, 1569.5000, -70.942,  , ,  , ,  , ,  , ,  , 
1569.6000, -70.820, 1569.6000, -70.849,  , ,  , ,  , ,  , ,  , 
1569.7000, -70.765, 1569.7000, -70.771,  , ,  , ,  , ,  , ,  , 
1569.8000, -70.685, 1569.8000, -70.681,  , ,  , ,  , ,  , ,  , 
1569.9000, -70.603, 1569.9000, -70.615,  , ,  , ,  , ,  , ,  , 
1570.0000, -70.549, 1570.0000, -70.567,  , ,  , ,  , ,  , ,  , 
1570.1000, -70.482, 1570.1000, -70.501,  , ,  , ,  , ,  , ,  , 
1570.2000, -70.473, 1570.2000, -70.430,  , ,  , ,  , ,  , ,  , 
1570.3000, -70.440, 1570.3000, -70.392,  , ,  , ,  , ,  , ,  , 
1570.4000, -70.389, 1570.4000, -70.386,  , ,  , ,  , ,  , ,  , 
1570.5000, -70.352, 1570.5000, -70.339,  , ,  , ,  , ,  , ,  , 
1570.6000, -70.286, 1570.6000, -70.299,  , ,  , ,  , ,  , ,  , 
1570.7000, -70.219, 1570.7000, -70.224,  , ,  , ,  , ,  , ,  , 
1570.8000, -70.181, 1570.8000, -70.189,  , ,  , ,  , ,  , ,  , 
1570.9000, -70.095, 1570.9000, -70.140,  , ,  , ,  , ,  , ,  , 
1571.0000, -70.016, 1571.0000, -70.068,  , ,  , ,  , ,  , ,  , 
1571.1000, -69.934, 1571.1000, -69.985,  , ,  , ,  , ,  , ,  , 
1571.2000, -69.852, 1571.2000, -69.884,  , ,  , ,  , ,  , ,  , 
1571.3000, -69.732, 1571.3000, -69.803,  , ,  , ,  , ,  , ,  , 
1571.4000, -69.649, 1571.4000, -69.700,  , ,  , ,  , ,  , ,  , 
1571.5000, -69.548, 1571.5000, -69.614,  , ,  , ,  , ,  , ,  , 
1571.6000, -69.455, 1571.6000, -69.512,  , ,  , ,  , ,  , ,  , 
1571.7000, -69.378, 1571.7000, -69.422,  , ,  , ,  , ,  , ,  , 
1571.8000, -69.293, 1571.8000, -69.352,  , ,  , ,  , ,  , ,  , 
1571.9000, -69.212, 1571.9000, -69.273,  , ,  , ,  , ,  , ,  , 
1572.0000, -69.112, 1572.0000, -69.189,  , ,  , ,  , ,  , ,  , 
1572.1000, -69.063, 1572.1000, -69.120,  , ,  , ,  , ,  , ,  , 
1572.2000, -68.990, 1572.2000, -69.026,  , ,  , ,  , ,  , ,  , 
1572.3000, -68.884, 1572.3000, -68.939,  , ,  , ,  , ,  , ,  , 
1572.4000, -68.818, 1572.4000, -68.842,  , ,  , ,  , ,  , ,  , 
1572.5000, -68.723, 1572.5000, -68.769,  , ,  , ,  , ,  , ,  , 
1572.6000, -68.651, 1572.6000, -68.694,  , ,  , ,  , ,  , ,  , 
1572.7000, -68.574, 1572.7000, -68.614,  , ,  , ,  , ,  , ,  , 
1572.8000, -68.517, 1572.8000, -68.545,  , ,  , ,  , ,  , ,  , 
1572.9000, -68.446, 1572.9000, -68.474,  , ,  , ,  , ,  , ,  , 
1573.0000, -68.392, 1573.0000, -68.401,  , ,  , ,  , ,  , ,  , 
1573.1000, -68.329, 1573.1000, -68.339,  , ,  , ,  , ,  , ,  , 
1573.2000, -68.273, 1573.2000, -68.272,  , ,  , ,  , ,  , ,  , 
1573.3000, -68.236, 1573.3000, -68.226,  , ,  , ,  , ,  , ,  , 
1573.4000, -68.188, 1573.4000, -68.187,  , ,  , ,  , ,  , ,  , 
1573.5000, -68.148, 1573.5000, -68.134,  , ,  , ,  , ,  , ,  , 
1573.6000, -68.120, 1573.6000, -68.104,  , ,  , ,  , ,  , ,  , 
1573.7000, -68.089, 1573.7000, -68.069,  , ,  , ,  , ,  , ,  , 
1573.8000, -68.025, 1573.8000, -68.021,  , ,  , ,  , ,  , ,  , 
1573.9000, -67.995, 1573.9000, -68.002,  , ,  , ,  , ,  , ,  , 
1574.0000, -67.938, 1574.0000, -67.943,  , ,  , ,  , ,  , ,  , 
1574.1000, -67.906, 1574.1000, -67.897,  , ,  , ,  , ,  , ,  , 
1574.2000, -67.858, 1574.2000, -67.864,  , ,  , ,  , ,  , ,  , 
1574.3000, -67.831, 1574.3000, -67.826,  , ,  , ,  , ,  , ,  , 
1574.4000, -67.769, 1574.4000, -67.780,  , ,  , ,  , ,  , ,  , 
1574.5000, -67.736, 1574.5000, -67.748,  , ,  , ,  , ,  , ,  , 
1574.6000, -67.701, 1574.6000, -67.688,  , ,  , ,  , ,  , ,  , 
1574.7000, -67.664, 1574.7000, -67.658,  , ,  , ,  , ,  , ,  , 
1574.8000, -67.605, 1574.8000, -67.613,  , ,  , ,  , ,  , ,  , 
1574.9000, -67.572, 1574.9000, -67.570,  , ,  , ,  , ,  , ,  , 
1575.0000, -67.511, 1575.0000, -67.515,  , ,  , ,  , ,  , ,  , 
1575.1000, -67.454, 1575.1000, -67.478,  , ,  , ,  , ,  , ,  , 
1575.2000, -67.416, 1575.2000, -67.426,  , ,  , ,  , ,  , ,  , 
1575.3000, -67.373, 1575.3000, -67.396,  , ,  , ,  , ,  , ,  , 
1575.4000, -67.333, 1575.4000, -67.361,  , ,  , ,  , ,  , ,  , 
1575.5000, -67.290, 1575.5000, -67.308,  , ,  , ,  , ,  , ,  , 
1575.6000, -67.254, 1575.6000, -67.269,  , ,  , ,  , ,  , ,  , 
1575.7000, -67.205, 1575.7000, -67.217,  , ,  , ,  , ,  , ,  , 
1575.8000, -67.158, 1575.8000, -67.160,  , ,  , ,  , ,  , ,  , 
1575.9000, -67.092, 1575.9000, -67.115,  , ,  , ,  , ,  , ,  , 
1576.0000, -67.069, 1576.0000, -67.069,  , ,  , ,  , ,  , ,  , 
1576.1000, -67.037, 1576.1000, -67.035,  , ,  , ,  , ,  , ,  , 
1576.2000, -67.001, 1576.2000, -67.009,  , ,  , ,  , ,  , ,  , 
1576.3000, -66.987, 1576.3000, -66.987,  , ,  , ,  , ,  , ,  , 
1576.4000, -66.967, 1576.4000, -66.969,  , ,  , ,  , ,  , ,  , 
1576.5000, -66.955, 1576.5000, -66.952,  , ,  , ,  , ,  , ,  , 
1576.6000, -66.939, 1576.6000, -66.942,  , ,  , ,  , ,  , ,  , 
1576.7000, -66.937, 1576.7000, -66.944,  , ,  , ,  , ,  , ,  , 
1576.8000, -66.938, 1576.8000, -66.930,  , ,  , ,  , ,  , ,  , 
1576.9000, -66.919, 1576.9000, -66.923,  , ,  , ,  , ,  , ,  , 
1577.0000, -66.920, 1577.0000, -66.922,  , ,  , ,  , ,  , ,  , 
1577.1000, -66.919, 1577.1000, -66.923,  , ,  , ,  , ,  , ,  , 
1577.2000, -66.935, 1577.2000, -66.931,  , ,  , ,  , ,  , ,  , 
1577.3000, -66.931, 1577.3000, -66.948,  , ,  , ,  , ,  , ,  , 
1577.4000, -66.931, 1577.4000, -66.941,  , ,  , ,  , ,  , ,  , 
1577.5000, -66.930, 1577.5000, -66.955,  , ,  , ,  , ,  , ,  , 
1577.6000, -66.932, 1577.6000, -66.948,  , ,  , ,  , ,  , ,  , 
1577.7000, -66.916, 1577.7000, -66.930,  , ,  , ,  , ,  , ,  , 
1577.8000, -66.891, 1577.8000, -66.918,  , ,  , ,  , ,  , ,  , 
1577.9000, -66.862, 1577.9000, -66.891,  , ,  , ,  , ,  , ,  , 
1578.0000, -66.841, 1578.0000, -66.856,  , ,  , ,  , ,  , ,  , 
1578.1000, -66.789, 1578.1000, -66.825,  , ,  , ,  , ,  , ,  , 
1578.2000, -66.756, 1578.2000, -66.790,  , ,  , ,  , ,  , ,  , 
1578.3000, -66.725, 1578.3000, -66.754,  , ,  , ,  , ,  , ,  , 
1578.4000, -66.694, 1578.4000, -66.723,  , ,  , ,  , ,  , ,  , 
1578.5000, -66.663, 1578.5000, -66.704,  , ,  , ,  , ,  , ,  , 
1578.6000, -66.642, 1578.6000, -66.668,  , ,  , ,  , ,  , ,  , 
1578.7000, -66.617, 1578.7000, -66.651,  , ,  , ,  , ,  , ,  , 
1578.8000, -66.601, 1578.8000, -66.617,  , ,  , ,  , ,  , ,  , 
1578.9000, -66.578, 1578.9000, -66.588,  , ,  , ,  , ,  , ,  , 
1579.0000, -66.536, 1579.0000, -66.556,  , ,  , ,  , ,  , ,  , 
1579.1000, -66.520, 1579.1000, -66.529,  , ,  , ,  , ,  , ,  , 
1579.2000, -66.493, 1579.2000, -66.510,  , ,  , ,  , ,  , ,  , 
1579.3000, -66.489, 1579.3000, -66.487,  , ,  , ,  , ,  , ,  , 
1579.4000, -66.459, 1579.4000, -66.473,  , ,  , ,  , ,  , ,  , 
1579.5000, -66.466, 1579.5000, -66.471,  , ,  , ,  , ,  , ,  , 
1579.6000, -66.464, 1579.6000, -66.469,  , ,  , ,  , ,  , ,  , 
1579.7000, -66.443, 1579.7000, -66.452,  , ,  , ,  , ,  , ,  , 
1579.8000, -66.444, 1579.8000, -66.445,  , ,  , ,  , ,  , ,  , 
1579.9000, -66.432, 1579.9000, -66.438,  , ,  , ,  , ,  , ,  , 
1580.0000, -66.437, 1580.0000, -66.444,  , ,  , ,  , ,  , ,  , 
1580.1000, -66.446, 1580.1000, -66.448,  , ,  , ,  , ,  , ,  , 
1580.2000, -66.450, 1580.2000, -66.463,  , ,  , ,  , ,  , ,  , 
1580.3000, -66.475, 1580.3000, -66.477,  , ,  , ,  , ,  , ,  , 
1580.4000, -66.482, 1580.4000, -66.487,  , ,  , ,  , ,  , ,  , 
1580.5000, -66.510, 1580.5000, -66.507,  , ,  , ,  , ,  , ,  , 
1580.6000, -66.527, 1580.6000, -66.549,  , ,  , ,  , ,  , ,  , 
1580.7000, -66.556, 1580.7000, -66.561,  , ,  , ,  , ,  , ,  , 
1580.8000, -66.574, 1580.8000, -66.586,  , ,  , ,  , ,  , ,  , 
1580.9000, -66.596, 1580.9000, -66.602,  , ,  , ,  , ,  , ,  , 
1581.0000, -66.610, 1581.0000, -66.630,  , ,  , ,  , ,  , ,  , 
1581.1000, -66.619, 1581.1000, -66.620,  , ,  , ,  , ,  , ,  , 
1581.2000, -66.610, 1581.2000, -66.634,  , ,  , ,  , ,  , ,  , 
1581.3000, -66.618, 1581.3000, -66.633,  , ,  , ,  , ,  , ,  , 
1581.4000, -66.634, 1581.4000, -66.644,  , ,  , ,  , ,  , ,  , 
1581.5000, -66.650, 1581.5000, -66.656,  , ,  , ,  , ,  , ,  , 
1581.6000, -66.644, 1581.6000, -66.658,  , ,  , ,  , ,  , ,  , 
1581.7000, -66.665, 1581.7000, -66.681,  , ,  , ,  , ,  , ,  , 
1581.8000, -66.670, 1581.8000, -66.682,  , ,  , ,  , ,  , ,  , 
1581.9000, -66.679, 1581.9000, -66.695,  , ,  , ,  , ,  , ,  , 
1582.0000, -66.678, 1582.0000, -66.694,  , ,  , ,  , ,  , ,  , 
1582.1000, -66.693, 1582.1000, -66.706,  , ,  , ,  , ,  , ,  , 
1582.2000, -66.715, 1582.2000, -66.716,  , ,  , ,  , ,  , ,  , 
1582.3000, -66.727, 1582.3000, -66.737,  , ,  , ,  , ,  , ,  , 
1582.4000, -66.747, 1582.4000, -66.759,  , ,  , ,  , ,  , ,  , 
1582.5000, -66.766, 1582.5000, -66.776,  , ,  , ,  , ,  , ,  , 
1582.6000, -66.774, 1582.6000, -66.802,  , ,  , ,  , ,  , ,  , 
1582.7000, -66.771, 1582.7000, -66.788,  , ,  , ,  , ,  , ,  , 
1582.8000, -66.787, 1582.8000, -66.802,  , ,  , ,  , ,  , ,  , 
1582.9000, -66.799, 1582.9000, -66.814,  , ,  , ,  , ,  , ,  , 
1583.0000, -66.826, 1583.0000, -66.845,  , ,  , ,  , ,  , ,  , 
1583.1000, -66.837, 1583.1000, -66.851,  , ,  , ,  , ,  , ,  , 
1583.2000, -66.865, 1583.2000, -66.881,  , ,  , ,  , ,  , ,  , 
1583.3000, -66.879, 1583.3000, -66.900,  , ,  , ,  , ,  , ,  , 
1583.4000, -66.905, 1583.4000, -66.921,  , ,  , ,  , ,  , ,  , 
1583.5000, -66.937, 1583.5000, -66.941,  , ,  , ,  , ,  , ,  , 
1583.6000, -66.957, 1583.6000, -66.966,  , ,  , ,  , ,  , ,  , 
1583.7000, -66.988, 1583.7000, -67.017,  , ,  , ,  , ,  , ,  , 
1583.8000, -67.038, 1583.8000, -67.045,  , ,  , ,  , ,  , ,  , 
1583.9000, -67.072, 1583.9000, -67.079,  , ,  , ,  , ,  , ,  , 
1584.0000, -67.110, 1584.0000, -67.110,  , ,  , ,  , ,  , ,  , 
1584.1000, -67.163, 1584.1000, -67.153,  , ,  , ,  , ,  , ,  , 
1584.2000, -67.206, 1584.2000, -67.195,  , ,  , ,  , ,  , ,  , 
1584.3000, -67.229, 1584.3000, -67.233,  , ,  , ,  , ,  , ,  , 
1584.4000, -67.273, 1584.4000, -67.281,  , ,  , ,  , ,  , ,  , 
1584.5000, -67.326, 1584.5000, -67.319,  , ,  , ,  , ,  , ,  , 
1584.6000, -67.355, 1584.6000, -67.350,  , ,  , ,  , ,  , ,  , 
1584.7000, -67.391, 1584.7000, -67.392,  , ,  , ,  , ,  , ,  , 
1584.8000, -67.417, 1584.8000, -67.415,  , ,  , ,  , ,  , ,  , 
1584.9000, -67.451, 1584.9000, -67.447,  , ,  , ,  , ,  , ,  , 
1585.0000, -67.477, 1585.0000, -67.477,  , ,  , ,  , ,  , ,  , 
1585.1000, -67.503, 1585.1000, -67.508,  , ,  , ,  , ,  , ,  , 
1585.2000, -67.536, 1585.2000, -67.533,  , ,  , ,  , ,  , ,  , 
1585.3000, -67.552, 1585.3000, -67.552,  , ,  , ,  , ,  , ,  , 
1585.4000, -67.575, 1585.4000, -67.567,  , ,  , ,  , ,  , ,  , 
1585.5000, -67.593, 1585.5000, -67.568,  , ,  , ,  , ,  , ,  , 
1585.6000, -67.615, 1585.6000, -67.605,  , ,  , ,  , ,  , ,  , 
1585.7000, -67.626, 1585.7000, -67.614,  , ,  , ,  , ,  , ,  , 
1585.8000, -67.651, 1585.8000, -67.654,  , ,  , ,  , ,  , ,  , 
1585.9000, -67.681, 1585.9000, -67.686,  , ,  , ,  , ,  , ,  , 
1586.0000, -67.708, 1586.0000, -67.716,  , ,  , ,  , ,  , ,  , 
1586.1000, -67.750, 1586.1000, -67.722,  , ,  , ,  , ,  , ,  , 
1586.2000, -67.765, 1586.2000, -67.764,  , ,  , ,  , ,  , ,  , 
1586.3000, -67.779, 1586.3000, -67.768,  , ,  , ,  , ,  , ,  , 
1586.4000, -67.806, 1586.4000, -67.803,  , ,  , ,  , ,  , ,  , 
1586.5000, -67.847, 1586.5000, -67.845,  , ,  , ,  , ,  , ,  , 
1586.6000, -67.882, 1586.6000, -67.885,  , ,  , ,  , ,  , ,  , 
1586.7000, -67.932, 1586.7000, -67.931,  , ,  , ,  , ,  , ,  , 
1586.8000, -67.977, 1586.8000, -67.978,  , ,  , ,  , ,  , ,  , 
1586.9000, -68.040, 1586.9000, -68.023,  , ,  , ,  , ,  , ,  , 
1587.0000, -68.065, 1587.0000, -68.082,  , ,  , ,  , ,  , ,  , 
1587.1000, -68.122, 1587.1000, -68.124,  , ,  , ,  , ,  , ,  , 
1587.2000, -68.198, 1587.2000, -68.209,  , ,  , ,  , ,  , ,  , 
1587.3000, -68.245, 1587.3000, -68.251,  , ,  , ,  , ,  , ,  , 
1587.4000, -68.315, 1587.4000, -68.298,  , ,  , ,  , ,  , ,  , 
1587.5000, -68.365, 1587.5000, -68.344,  , ,  , ,  , ,  , ,  , 
1587.6000, -68.429, 1587.6000, -68.423,  , ,  , ,  , ,  , ,  , 
1587.7000, -68.499, 1587.7000, -68.479,  , ,  , ,  , ,  , ,  , 
1587.8000, -68.553, 1587.8000, -68.539,  , ,  , ,  , ,  , ,  , 
1587.9000, -68.619, 1587.9000, -68.605,  , ,  , ,  , ,  , ,  , 
1588.0000, -68.684, 1588.0000, -68.660,  , ,  , ,  , ,  , ,  , 
1588.1000, -68.754, 1588.1000, -68.726,  , ,  , ,  , ,  , ,  , 
1588.2000, -68.804, 1588.2000, -68.790,  , ,  , ,  , ,  , ,  , 
1588.3000, -68.870, 1588.3000, -68.856,  , ,  , ,  , ,  , ,  , 
1588.4000, -68.943, 1588.4000, -68.920,  , ,  , ,  , ,  , ,  , 
1588.5000, -68.994, 1588.5000, -68.974,  , ,  , ,  , ,  , ,  , 
1588.6000, -69.052, 1588.6000, -69.039,  , ,  , ,  , ,  , ,  , 
1588.7000, -69.135, 1588.7000, -69.098,  , ,  , ,  , ,  , ,  , 
1588.8000, -69.181, 1588.8000, -69.166,  , ,  , ,  , ,  , ,  , 
1588.9000, -69.234, 1588.9000, -69.250,  , ,  , ,  , ,  , ,  , 
1589.0000, -69.282, 1589.0000, -69.303,  , ,  , ,  , ,  , ,  , 
1589.1000, -69.354, 1589.1000, -69.351,  , ,  , ,  , ,  , ,  , 
1589.2000, -69.407, 1589.2000, -69.384,  , ,  , ,  , ,  , ,  , 
1589.3000, -69.454, 1589.3000, -69.469,  , ,  , ,  , ,  , ,  , 
1589.4000, -69.516, 1589.4000, -69.494,  , ,  , ,  , ,  , ,  , 
1589.5000, -69.548, 1589.5000, -69.557,  , ,  , ,  , ,  , ,  , 
1589.6000, -69.593, 1589.6000, -69.612,  , ,  , ,  , ,  , ,  , 
1589.7000, -69.663, 1589.7000, -69.653,  , ,  , ,  , ,  , ,  , 
1589.8000, -69.716, 1589.8000, -69.699,  , ,  , ,  , ,  , ,  , 
1589.9000, -69.797, 1589.9000, -69.763,  , ,  , ,  , ,  , ,  , 
1590.0000, -69.858, 1590.0000, -69.832,  , ,  , ,  , ,  , ,  , 
1590.1000, -69.912, 1590.1000, -69.892,  , ,  , ,  , ,  , ,  , 
1590.2000, -69.980, 1590.2000, -69.958,  , ,  , ,  , ,  , ,  , 
1590.3000, -70.040, 1590.3000, -70.020,  , ,  , ,  , ,  , ,  , 
1590.4000, -70.102, 1590.4000, -70.058,  , ,  , ,  , ,  , ,  , 
1590.5000, -70.175, 1590.5000, -70.135,  , ,  , ,  , ,  , ,  , 
1590.6000, -70.236, 1590.6000, -70.209,  , ,  , ,  , ,  , ,  , 
1590.7000, -70.299, 1590.7000, -70.297,  , ,  , ,  , ,  , ,  , 
1590.8000, -70.394, 1590.8000, -70.373,  , ,  , ,  , ,  , ,  , 
1590.9000, -70.477, 1590.9000, -70.436,  , ,  , ,  , ,  , ,  , 
1591.0000, -70.533, 1591.0000, -70.530,  , ,  , ,  , ,  , ,  , 
1591.1000, -70.625, 1591.1000, -70.589,  , ,  , ,  , ,  , ,  , 
1591.2000, -70.661, 1591.2000, -70.654,  , ,  , ,  , ,  , ,  , 
1591.3000, -70.728, 1591.3000, -70.707,  , ,  , ,  , ,  , ,  , 
1591.4000, -70.768, 1591.4000, -70.752,  , ,  , ,  , ,  , ,  , 
1591.5000, -70.836, 1591.5000, -70.827,  , ,  , ,  , ,  , ,  , 
1591.6000, -70.874, 1591.6000, -70.916,  , ,  , ,  , ,  , ,  , 
1591.7000, -70.941, 1591.7000, -70.935,  , ,  , ,  , ,  , ,  , 
1591.8000, -71.006, 1591.8000, -70.990,  , ,  , ,  , ,  , ,  , 
1591.9000, -71.086, 1591.9000, -71.052,  , ,  , ,  , ,  , ,  , 
1592.0000, -71.117, 1592.0000, -71.091,  , ,  , ,  , ,  , ,  , 
1592.1000, -71.172, 1592.1000, -71.194,  , ,  , ,  , ,  , ,  , 
1592.2000, -71.233, 1592.2000, -71.255,  , ,  , ,  , ,  , ,  , 
1592.3000, -71.314, 1592.3000, -71.334,  , ,  , ,  , ,  , ,  , 
1592.4000, -71.371, 1592.4000, -71.390,  , ,  , ,  , ,  , ,  , 
1592.5000, -71.472, 1592.5000, -71.484,  , ,  , ,  , ,  , ,  , 
1592.6000, -71.526, 1592.6000, -71.550,  , ,  , ,  , ,  , ,  , 
1592.7000, -71.621, 1592.7000, -71.609,  , ,  , ,  , ,  , ,  , 
1592.8000, -71.668, 1592.8000, -71.640,  , ,  , ,  , ,  , ,  , 
1592.9000, -71.728, 1592.9000, -71.737,  , ,  , ,  , ,  , ,  , 
1593.0000, -71.825, 1593.0000, -71.785,  , ,  , ,  , ,  , ,  , 
1593.1000, -71.862, 1593.1000, -71.856,  , ,  , ,  , ,  , ,  , 
1593.2000, -71.958, 1593.2000, -71.929,  , ,  , ,  , ,  , ,  , 
1593.3000, -72.044, 1593.3000, -72.016,  , ,  , ,  , ,  , ,  , 
1593.4000, -72.109, 1593.4000, -72.071,  , ,  , ,  , ,  , ,  , 
1593.5000, -72.178, 1593.5000, -72.167,  , ,  , ,  , ,  , ,  , 
1593.6000, -72.256, 1593.6000, -72.245,  , ,  , ,  , ,  , ,  , 
1593.7000, -72.361, 1593.7000, -72.374,  , ,  , ,  , ,  , ,  , 
1593.8000, -72.451, 1593.8000, -72.438,  , ,  , ,  , ,  , ,  , 
1593.9000, -72.532, 1593.9000, -72.478,  , ,  , ,  , ,  , ,  , 
1594.0000, -72.601, 1594.0000, -72.634,  , ,  , ,  , ,  , ,  , 
1594.1000, -72.702, 1594.1000, -72.652,  , ,  , ,  , ,  , ,  , 
1594.2000, -72.804, 1594.2000, -72.727,  , ,  , ,  , ,  , ,  , 
1594.3000, -72.859, 1594.3000, -72.814,  , ,  , ,  , ,  , ,  , 
1594.4000, -72.927, 1594.4000, -72.932,  , ,  , ,  , ,  , ,  , 
1594.5000, -73.016, 1594.5000, -72.998,  , ,  , ,  , ,  , ,  , 
1594.6000, -73.122, 1594.6000, -73.096,  , ,  , ,  , ,  , ,  , 
1594.7000, -73.181, 1594.7000, -73.123,  , ,  , ,  , ,  , ,  , 
1594.8000, -73.277, 1594.8000, -73.245,  , ,  , ,  , ,  , ,  , 
1594.9000, -73.354, 1594.9000, -73.334,  , ,  , ,  , ,  , ,  , 
1595.0000, -73.477, 1595.0000, -73.406,  , ,  , ,  , ,  , ,  , 
1595.1000, -73.544, 1595.1000, -73.474,  , ,  , ,  , ,  , ,  , 
1595.2000, -73.608, 1595.2000, -73.546,  , ,  , ,  , ,  , ,  , 
1595.3000, -73.654, 1595.3000, -73.672,  , ,  , ,  , ,  , ,  , 
1595.4000, -73.745, 1595.4000, -73.749,  , ,  , ,  , ,  , ,  , 
1595.5000, -73.787, 1595.5000, -73.819,  , ,  , ,  , ,  , ,  , 
1595.6000, -73.923, 1595.6000, -73.857,  , ,  , ,  , ,  , ,  , 
1595.7000, -74.024, 1595.7000, -74.022,  , ,  , ,  , ,  , ,  , 
1595.8000, -74.104, 1595.8000, -74.088,  , ,  , ,  , ,  , ,  , 
1595.9000, -74.198, 1595.9000, -74.145,  , ,  , ,  , ,  , ,  , 
1596.0000, -74.298, 1596.0000, -74.264,  , ,  , ,  , ,  , ,  , 
1596.1000, -74.393, 1596.1000, -74.398,  , ,  , ,  , ,  , ,  , 
1596.2000, -74.420, 1596.2000, -74.486,  , ,  , ,  , ,  , ,  , 
1596.3000, -74.651, 1596.3000, -74.599,  , ,  , ,  , ,  , ,  , 
1596.4000, -74.759, 1596.4000, -74.707,  , ,  , ,  , ,  , ,  , 
1596.5000, -74.845, 1596.5000, -74.871,  , ,  , ,  , ,  , ,  , 
1596.6000, -74.911, 1596.6000, -74.949,  , ,  , ,  , ,  , ,  , 
1596.7000, -75.044, 1596.7000, -75.023,  , ,  , ,  , ,  , ,  , 
1596.8000, -75.174, 1596.8000, -75.090,  , ,  , ,  , ,  , ,  , 
1596.9000, -75.219, 1596.9000, -75.232,  , ,  , ,  , ,  , ,  , 
1597.0000, -75.339, 1597.0000, -75.332,  , ,  , ,  , ,  , ,  , 
1597.1000, -75.452, 1597.1000, -75.386,  , ,  , ,  , ,  , ,  , 
1597.2000, -75.542, 1597.2000, -75.524,  , ,  , ,  , ,  , ,  , 
1597.3000, -75.636, 1597.3000, -75.598,  , ,  , ,  , ,  , ,  , 
1597.4000, -75.681, 1597.4000, -75.785,  , ,  , ,  , ,  , ,  , 
1597.5000, -75.826, 1597.5000, -75.775,  , ,  , ,  , ,  , ,  , 
1597.6000, -75.930, 1597.6000, -75.916,  , ,  , ,  , ,  , ,  , 
1597.7000, -75.966, 1597.7000, -76.023,  , ,  , ,  , ,  , ,  , 
1597.8000, -76.144, 1597.8000, -76.076,  , ,  , ,  , ,  , ,  , 
1597.9000, -76.187, 1597.9000, -76.248,  , ,  , ,  , ,  , ,  , 
1598.0000, -76.382, 1598.0000, -76.308,  , ,  , ,  , ,  , ,  , 
1598.1000, -76.412, 1598.1000, -76.397,  , ,  , ,  , ,  , ,  , 
1598.2000, -76.491, 1598.2000, -76.574,  , ,  , ,  , ,  , ,  , 
1598.3000, -76.596, 1598.3000, -76.553,  , ,  , ,  , ,  , ,  , 
1598.4000, -76.633, 1598.4000, -76.803,  , ,  , ,  , ,  , ,  , 
1598.5000, -76.791, 1598.5000, -76.733,  , ,  , ,  , ,  , ,  , 
1598.6000, -76.921, 1598.6000, -76.845,  , ,  , ,  , ,  , ,  , 
1598.7000, -77.035, 1598.7000, -77.051,  , ,  , ,  , ,  , ,  , 
1598.8000, -77.082, 1598.8000, -77.120,  , ,  , ,  , ,  , ,  , 
1598.9000, -77.227, 1598.9000, -77.313,  , ,  , ,  , ,  , ,  , 
1599.0000, -77.300, 1599.0000, -77.288,  , ,  , ,  , ,  , ,  , 
1599.1000, -77.426, 1599.1000, -77.443,  , ,  , ,  , ,  , ,  , 
1599.2000, -77.567, 1599.2000, -77.722,  , ,  , ,  , ,  , ,  , 
1599.3000, -77.704, 1599.3000, -77.718,  , ,  , ,  , ,  , ,  , 
1599.4000, -77.869, 1599.4000, -77.861,  , ,  , ,  , ,  , ,  , 
1599.5000, -77.957, 1599.5000, -77.978,  , ,  , ,  , ,  , ,  , 
1599.6000, -78.108, 1599.6000, -78.031,  , ,  , ,  , ,  , ,  , 
1599.7000, -78.274, 1599.7000, -78.122,  , ,  , ,  , ,  , ,  , 
1599.8000, -78.347, 1599.8000, -78.346,  , ,  , ,  , ,  , ,  , 
1599.9000, -78.512, 1599.9000, -78.637,  , ,  , ,  , ,  , ,  , 
1600.0000, -78.559, 1600.0000, -78.703,  , ,  , ,  , ,  , ,  , 
1600.1000, -78.809, 1600.1000, -78.863,  , ,  , ,  , ,  , ,  , 
1600.2000, -78.796, 1600.2000, -78.976,  , ,  , ,  , ,  , ,  , 
1600.3000, -78.909, 1600.3000, -79.170,  , ,  , ,  , ,  , ,  , 
1600.4000, -79.489, 1600.4000, -79.358,  , ,  , ,  , ,  , ,  , 
1600.5000, -79.361, 1600.5000, -79.442,  , ,  , ,  , ,  , ,  , 
1600.6000, -79.391, 1600.6000, -79.505,  , ,  , ,  , ,  , ,  , 
1600.7000, -79.831, 1600.7000, -79.537,  , ,  , ,  , ,  , ,  , 
1600.8000, -79.749, 1600.8000, -79.790,  , ,  , ,  , ,  , ,  , 
1600.9000, -79.923, 1600.9000, -79.894,  , ,  , ,  , ,  , ,  , 
1601.0000, -79.922, 1601.0000, -79.802,  , ,  , ,  , ,  , ,  , 
1601.1000, -80.104, 1601.1000, -79.835,  , ,  , ,  , ,  , ,  , 
1601.2000, -80.366, 1601.2000, -80.264,  , ,  , ,  , ,  , ,  , 
1601.3000, -80.263, 1601.3000, -80.161,  , ,  , ,  , ,  , ,  , 
1601.4000, -80.494, 1601.4000, -80.452,  , ,  , ,  , ,  , ,  , 
1601.5000, -80.659, 1601.5000, -80.425,  , ,  , ,  , ,  , ,  , 
1601.6000, -80.829, 1601.6000, -80.657,  , ,  , ,  , ,  , ,  , 
1601.7000, -80.867, 1601.7000, -80.890,  , ,  , ,  , ,  , ,  , 
1601.8000, -80.927, 1601.8000, -80.651,  , ,  , ,  , ,  , ,  , 
1601.9000, -81.102, 1601.9000, -81.001,  , ,  , ,  , ,  , ,  , 
1602.0000, -81.260, 1602.0000, -80.769,  , ,  , ,  , ,  , ,  , 
1602.1000, -81.003, 1602.1000, -81.129,  , ,  , ,  , ,  , ,  , 
1602.2000, -81.195, 1602.2000, -81.143,  , ,  , ,  , ,  , ,  , 
1602.3000, -81.607, 1602.3000, -81.445,  , ,  , ,  , ,  , ,  , 
1602.4000, -81.660, 1602.4000, -81.354,  , ,  , ,  , ,  , ,  , 
1602.5000, -81.690, 1602.5000, -81.677,  , ,  , ,  , ,  , ,  , 
1602.6000, -81.769, 1602.6000, -81.752,  , ,  , ,  , ,  , ,  , 
1602.7000, -82.071, 1602.7000, -82.031,  , ,  , ,  , ,  , ,  , 
1602.8000, -82.002, 1602.8000, -81.942,  , ,  , ,  , ,  , ,  , 
1602.9000, -82.144, 1602.9000, -81.760,  , ,  , ,  , ,  , ,  , 
1603.0000, -82.554, 1603.0000, -81.981,  , ,  , ,  , ,  , ,  , 
1603.1000, -82.617, 1603.1000, -82.321,  , ,  , ,  , ,  , ,  , 
1603.2000, -82.522, 1603.2000, -82.661,  , ,  , ,  , ,  , ,  , 
1603.3000, -83.007, 1603.3000, -82.794,  , ,  , ,  , ,  , ,  , 
1603.4000, -83.063, 1603.4000, -82.711,  , ,  , ,  , ,  , ,  , 
1603.5000, -83.405, 1603.5000, -82.787,  , ,  , ,  , ,  , ,  , 
1603.6000, -83.525, 1603.6000, -83.281,  , ,  , ,  , ,  , ,  , 
1603.7000, -83.771, 1603.7000, -83.523,  , ,  , ,  , ,  , ,  , 
1603.8000, -83.824, 1603.8000, -83.659,  , ,  , ,  , ,  , ,  , 
1603.9000, -83.792, 1603.9000, -83.363,  , ,  , ,  , ,  , ,  , 
1604.0000, -84.128, 1604.0000, -83.625,  , ,  , ,  , ,  , ,  , 
1604.1000, -83.840, 1604.1000, -84.075,  , ,  , ,  , ,  , ,  , 
1604.2000, -84.134, 1604.2000, -83.790,  , ,  , ,  , ,  , ,  , 
1604.3000, -84.154, 1604.3000, -83.754,  , ,  , ,  , ,  , ,  , 
1604.4000, -84.218, 1604.4000, -84.448,  , ,  , ,  , ,  , ,  , 
1604.5000, -84.765, 1604.5000, -84.466,  , ,  , ,  , ,  , ,  , 
1604.6000, -84.977, 1604.6000, -84.583,  , ,  , ,  , ,  , ,  , 
1604.7000, -84.373, 1604.7000, -84.369,  , ,  , ,  , ,  , ,  , 
1604.8000, -84.354, 1604.8000, -84.874,  , ,  , ,  , ,  , ,  , 
1604.9000, -85.098, 1604.9000, -84.828,  , ,  , ,  , ,  , ,  , 
1605.0000, -85.182, 1605.0000, -85.350,  , ,  , ,  , ,  , ,  , 
1605.1000, -85.685, 1605.1000, -85.708,  , ,  , ,  , ,  , ,  , 
1605.2000, -84.998, 1605.2000, -85.167,  , ,  , ,  , ,  , ,  , 
1605.3000, -85.042, 1605.3000, -85.600,  , ,  , ,  , ,  , ,  , 
1605.4000, -85.417, 1605.4000, -85.319,  , ,  , ,  , ,  , ,  , 
1605.5000, -85.383, 1605.5000, -85.412,  , ,  , ,  , ,  , ,  , 
1605.6000, -85.636, 1605.6000, -85.373,  , ,  , ,  , ,  , ,  , 
1605.7000, -85.171, 1605.7000, -85.759,  , ,  , ,  , ,  , ,  , 
1605.8000, -87.171, 1605.8000, -86.404,  , ,  , ,  , ,  , ,  , 
1605.9000, -85.675, 1605.9000, -86.556,  , ,  , ,  , ,  , ,  , 
1606.0000, -86.424, 1606.0000, -86.269,  , ,  , ,  , ,  , ,  , 
1606.1000, -86.695, 1606.1000, -86.764,  , ,  , ,  , ,  , ,  , 
1606.2000, -87.272, 1606.2000, -86.590,  , ,  , ,  , ,  , ,  , 
1606.3000, -87.161, 1606.3000, -87.249,  , ,  , ,  , ,  , ,  , 
1606.4000, -88.242, 1606.4000, -86.478,  , ,  , ,  , ,  , ,  , 
1606.5000, -87.253, 1606.5000, -87.151,  , ,  , ,  , ,  , ,  , 
1606.6000, -86.639, 1606.6000, -87.160,  , ,  , ,  , ,  , ,  , 
1606.7000, -87.689, 1606.7000, -86.105,  , ,  , ,  , ,  , ,  , 
1606.8000, -88.022, 1606.8000, -86.518,  , ,  , ,  , ,  , ,  , 
1606.9000, -88.981, 1606.9000, -87.847,  , ,  , ,  , ,  , ,  , 
1607.0000, -87.848, 1607.0000, -89.626,  , ,  , ,  , ,  , ,  , 
1607.1000, -87.962, 1607.1000, -88.493,  , ,  , ,  , ,  , ,  , 
1607.2000, -87.666, 1607.2000, -87.893,  , ,  , ,  , ,  , ,  , 
1607.3000, -88.065, 1607.3000, -88.467,  , ,  , ,  , ,  , ,  , 
1607.4000, -89.043, 1607.4000, -88.216,  , ,  , ,  , ,  , ,  , 
1607.5000, -89.300, 1607.5000, -89.550,  , ,  , ,  , ,  , ,  , 
1607.6000, -89.763, 1607.6000, -87.978,  , ,  , ,  , ,  , ,  , 
1607.7000, -90.203, 1607.7000, -89.349,  , ,  , ,  , ,  , ,  , 
1607.8000, -90.401, 1607.8000, -88.045,  , ,  , ,  , ,  , ,  , 
1607.9000, -90.341, 1607.9000, -87.504,  , ,  , ,  , ,  , ,  , 
1608.0000, -89.228, 1608.0000, -88.751,  , ,  , ,  , ,  , ,  , 
1608.1000, -89.060, 1608.1000, -89.822,  , ,  , ,  , ,  , ,  , 
1608.2000, -90.497, 1608.2000, -89.478,  , ,  , ,  , ,  , ,  , 
1608.3000, -89.241, 1608.3000, -89.573,  , ,  , ,  , ,  , ,  , 
1608.4000, -91.143, 1608.4000, -89.511,  , ,  , ,  , ,  , ,  , 
1608.5000, -89.113, 1608.5000, -88.099,  , ,  , ,  , ,  , ,  , 
1608.6000, -90.303, 1608.6000, -91.025,  , ,  , ,  , ,  , ,  , 
1608.7000, -91.393, 1608.7000, -88.832,  , ,  , ,  , ,  , ,  , 
1608.8000, -91.545, 1608.8000, -89.281,  , ,  , ,  , ,  , ,  , 
1608.9000, -89.024, 1608.9000, -90.004,  , ,  , ,  , ,  , ,  , 
1609.0000, -91.563, 1609.0000, -89.764,  , ,  , ,  , ,  , ,  , 
1609.1000, -91.596, 1609.1000, -90.568,  , ,  , ,  , ,  , ,  , 
1609.2000, -89.507, 1609.2000, -89.527,  , ,  , ,  , ,  , ,  , 
1609.3000, -91.157, 1609.3000, -89.384,  , ,  , ,  , ,  , ,  , 
1609.4000, -92.541, 1609.4000, -90.942,  , ,  , ,  , ,  , ,  , 
1609.5000, -90.205, 1609.5000, -90.449,  , ,  , ,  , ,  , ,  , 
1609.6000, -89.909, 1609.6000, -89.278,  , ,  , ,  , ,  , ,  , 
1609.7000, -91.480, 1609.7000, -90.031,  , ,  , ,  , ,  , ,  , 
1609.8000, -99.678, 1609.8000, -88.413,  , ,  , ,  , ,  , ,  , 
1609.9000, -90.199, 1609.9000, -91.855,  , ,  , ,  , ,  , ,  , 
1610.0000, -89.193, 1610.0000, -90.290,  , ,  , ,  , ,  , ,  , 
1610.1000, -91.773, 1610.1000, -90.714,  , ,  , ,  , ,  , ,  , 
1610.2000, -90.376, 1610.2000, -92.192,  , ,  , ,  , ,  , ,  , 
1610.3000, -90.131, 1610.3000, -91.901,  , ,  , ,  , ,  , ,  , 
1610.4000, -95.512, 1610.4000, -93.526,  , ,  , ,  , ,  , ,  , 
1610.5000, -90.746, 1610.5000, -91.618,  , ,  , ,  , ,  , ,  , 
1610.6000,-101.295, 1610.6000, -94.312,  , ,  , ,  , ,  , ,  , 
1610.7000, -93.761, 1610.7000, -91.005,  , ,  , ,  , ,  , ,  , 
1610.8000, -91.088, 1610.8000, -90.886,  , ,  , ,  , ,  , ,  , 
1610.9000, -95.688, 1610.9000, -89.826,  , ,  , ,  , ,  , ,  , 
1611.0000,-210.000, 1611.0000, -90.319,  , ,  , ,  , ,  , ,  , 
1611.1000, -93.645, 1611.1000, -91.824,  , ,  , ,  , ,  , ,  , 
1611.2000, -90.765, 1611.2000, -91.301,  , ,  , ,  , ,  , ,  , 
1611.3000,-210.000, 1611.3000, -90.506,  , ,  , ,  , ,  , ,  , 
1611.4000,-100.057, 1611.4000, -91.977,  , ,  , ,  , ,  , ,  , 
1611.5000, -93.960, 1611.5000, -92.092,  , ,  , ,  , ,  , ,  , 
1611.6000, -97.997, 1611.6000, -92.206,  , ,  , ,  , ,  , ,  , 
1611.7000, -91.735, 1611.7000, -92.088,  , ,  , ,  , ,  , ,  , 
1611.8000, -89.840, 1611.8000, -94.155,  , ,  , ,  , ,  , ,  , 
1611.9000, -93.723, 1611.9000, -89.306,  , ,  , ,  , ,  , ,  , 
1612.0000, -91.860, 1612.0000, -92.294,  , ,  , ,  , ,  , ,  , 
1612.1000, -97.161, 1612.1000, -92.786,  , ,  , ,  , ,  , ,  , 
1612.2000, -92.463, 1612.2000, -90.695,  , ,  , ,  , ,  , ,  , 
1612.3000, -92.756, 1612.3000, -89.819,  , ,  , ,  , ,  , ,  , 
1612.4000, -94.533, 1612.4000, -96.835,  , ,  , ,  , ,  , ,  , 
1612.5000, -99.231, 1612.5000, -95.045,  , ,  , ,  , ,  , ,  , 
1612.6000, -96.233, 1612.6000, -92.989,  , ,  , ,  , ,  , ,  , 
1612.7000, -92.609, 1612.7000, -92.554,  , ,  , ,  , ,  , ,  , 
1612.8000, -94.003, 1612.8000, -92.864,  , ,  , ,  , ,  , ,  , 
1612.9000, -90.747, 1612.9000, -92.077,  , ,  , ,  , ,  , ,  , 
1613.0000, -96.154, 1613.0000, -92.853,  , ,  , ,  , ,  , ,  , 
1613.1000, -99.095, 1613.1000, -92.243,  , ,  , ,  , ,  , ,  , 
1613.2000,-108.467, 1613.2000, -94.044,  , ,  , ,  , ,  , ,  , 
1613.3000, -93.144, 1613.3000, -93.176,  , ,  , ,  , ,  , ,  , 
1613.4000, -93.697, 1613.4000, -91.336,  , ,  , ,  , ,  , ,  , 
1613.5000, -95.741, 1613.5000, -94.577,  , ,  , ,  , ,  , ,  , 
1613.6000, -92.763, 1613.6000, -98.159,  , ,  , ,  , ,  , ,  , 
1613.7000, -94.481, 1613.7000, -91.630,  , ,  , ,  , ,  , ,  , 
1613.8000, -92.582, 1613.8000, -92.056,  , ,  , ,  , ,  , ,  , 
1613.9000, -97.065, 1613.9000, -97.357,  , ,  , ,  , ,  , ,  , 
1614.0000,-210.000, 1614.0000, -94.498,  , ,  , ,  , ,  , ,  , 
1614.1000, -92.335, 1614.1000, -93.403,  , ,  , ,  , ,  , ,  , 
1614.2000, -94.340, 1614.2000, -95.612,  , ,  , ,  , ,  , ,  , 
1614.3000, -92.350, 1614.3000, -90.679,  , ,  , ,  , ,  , ,  , 
1614.4000, -92.278, 1614.4000, -89.809,  , ,  , ,  , ,  , ,  , 
1614.5000, -93.099, 1614.5000, -92.984,  , ,  , ,  , ,  , ,  , 
1614.6000, -96.099, 1614.6000, -99.440,  , ,  , ,  , ,  , ,  , 
1614.7000, -91.156, 1614.7000, -94.395,  , ,  , ,  , ,  , ,  , 
1614.8000, -93.572, 1614.8000, -96.530,  , ,  , ,  , ,  , ,  , 
1614.9000, -95.386, 1614.9000, -91.201,  , ,  , ,  , ,  , ,  , 
1615.0000, -92.775, 1615.0000, -96.556,  , ,  , ,  , ,  , ,  , 
1615.1000, -98.898, 1615.1000, -92.503,  , ,  , ,  , ,  , ,  , 
1615.2000, -93.496, 1615.2000, -91.811,  , ,  , ,  , ,  , ,  , 
1615.3000,-210.000, 1615.3000, -92.667,  , ,  , ,  , ,  , ,  , 
1615.4000, -91.530, 1615.4000, -96.037,  , ,  , ,  , ,  , ,  , 
1615.5000, -90.181, 1615.5000, -92.791,  , ,  , ,  , ,  , ,  , 
1615.6000, -92.984, 1615.6000, -94.971,  , ,  , ,  , ,  , ,  , 
1615.7000, -91.500, 1615.7000, -94.121,  , ,  , ,  , ,  , ,  , 
1615.8000, -91.091, 1615.8000, -96.117,  , ,  , ,  , ,  , ,  , 
1615.9000, -93.657, 1615.9000, -92.390,  , ,  , ,  , ,  , ,  , 
1616.0000, -92.448, 1616.0000, -92.072,  , ,  , ,  , ,  , ,  , 
1616.1000, -95.066, 1616.1000, -93.164,  , ,  , ,  , ,  , ,  , 
1616.2000,-100.137, 1616.2000, -91.029,  , ,  , ,  , ,  , ,  , 
1616.3000, -91.760, 1616.3000, -92.635,  , ,  , ,  , ,  , ,  , 
1616.4000, -92.130, 1616.4000, -90.633,  , ,  , ,  , ,  , ,  , 
1616.5000, -99.297, 1616.5000, -92.847,  , ,  , ,  , ,  , ,  , 
1616.6000, -93.998, 1616.6000, -95.924,  , ,  , ,  , ,  , ,  , 
1616.7000, -91.651, 1616.7000, -91.719,  , ,  , ,  , ,  , ,  , 
1616.8000,-210.000, 1616.8000, -91.250,  , ,  , ,  , ,  , ,  , 
1616.9000, -90.956, 1616.9000, -95.410,  , ,  , ,  , ,  , ,  , 
1617.0000, -93.867, 1617.0000, -92.227,  , ,  , ,  , ,  , ,  , 
1617.1000, -94.141, 1617.1000, -95.559,  , ,  , ,  , ,  , ,  , 
1617.2000, -95.489, 1617.2000, -95.181,  , ,  , ,  , ,  , ,  , 
1617.3000, -90.988, 1617.3000, -95.081,  , ,  , ,  , ,  , ,  , 
1617.4000, -98.881, 1617.4000, -92.071,  , ,  , ,  , ,  , ,  , 
1617.5000, -96.664, 1617.5000, -97.004,  , ,  , ,  , ,  , ,  , 
1617.6000, -93.375, 1617.6000, -89.856,  , ,  , ,  , ,  , ,  , 
1617.7000, -98.170, 1617.7000, -96.671,  , ,  , ,  , ,  , ,  , 
1617.8000, -97.841, 1617.8000, -97.399,  , ,  , ,  , ,  , ,  , 
1617.9000, -92.474, 1617.9000, -90.681,  , ,  , ,  , ,  , ,  , 
1618.0000, -95.586, 1618.0000, -91.660,  , ,  , ,  , ,  , ,  , 
1618.1000, -93.798, 1618.1000, -94.508,  , ,  , ,  , ,  , ,  , 
1618.2000, -91.590, 1618.2000, -91.790,  , ,  , ,  , ,  , ,  , 
1618.3000, -92.331, 1618.3000, -94.850,  , ,  , ,  , ,  , ,  , 
1618.4000, -91.752, 1618.4000, -93.116,  , ,  , ,  , ,  , ,  , 
1618.5000,-210.000, 1618.5000, -91.276,  , ,  , ,  , ,  , ,  , 
1618.6000,-102.492, 1618.6000,-210.000,  , ,  , ,  , ,  , ,  , 
1618.7000, -91.904, 1618.7000, -91.219,  , ,  , ,  , ,  , ,  , 
1618.8000, -94.336, 1618.8000, -92.661,  , ,  , ,  , ,  , ,  , 
1618.9000, -99.236, 1618.9000, -93.400,  , ,  , ,  , ,  , ,  , 
1619.0000, -89.580, 1619.0000, -90.726,  , ,  , ,  , ,  , ,  , 
1619.1000, -96.223, 1619.1000, -93.359,  , ,  , ,  , ,  , ,  , 
1619.2000, -93.993, 1619.2000, -91.394,  , ,  , ,  , ,  , ,  , 
1619.3000, -92.364, 1619.3000, -90.108,  , ,  , ,  , ,  , ,  , 
1619.4000, -93.042, 1619.4000, -91.674,  , ,  , ,  , ,  , ,  , 
1619.5000, -91.926, 1619.5000, -93.539,  , ,  , ,  , ,  , ,  , 
1619.6000, -90.964, 1619.6000, -91.038,  , ,  , ,  , ,  , ,  , 
1619.7000, -94.304, 1619.7000, -95.301,  , ,  , ,  , ,  , ,  , 
1619.8000, -92.441, 1619.8000,-109.046,  , ,  , ,  , ,  , ,  , 
1619.9000, -92.556, 1619.9000, -90.266,  , ,  , ,  , ,  , ,  , 
1620.0000, -93.756, 1620.0000, -91.788,  , ,  , ,  , ,  , ,  , 
